trial_index,tone_onset,tone_prob,restaurant,T_Entry,choice,accept,outcome,reward,quit,collection,trial_end,exit,lapIndex,blockIndex,comment
0,,,4,,,0,,0,,,,36.91110400000215,0,0,
1,37.03197439999878,0,1,37.203827199995516,37.30374399999529,1,,0,39.973478399999436,,39.973478399999436,40.37497599999607,0,1,animal accepted but quit before outcome revealed
2,40.42192639999837,20,2,40.71630079999566,40.78156799999625,1,,0,43.25089279999584,,43.25089279999584,43.38662399999797,0,1,animal accepted but quit before outcome revealed
3,43.39306239999831,20,3,43.612697599999606,43.711961599998176,1,48.88506879999488,1,,51.12096000000089,51.12096000000089,54.82443519999832,0,1,"accepted, waited, rewarded, and collected"
4,54.87059200000018,80,4,55.13008639999479,55.19738879999518,1,58.352780799999834,1,,65.20678400000185,65.20678400000185,69.21281279999762,0,1,"accepted, waited, rewarded, and collected"
5,69.27706879999488,80,1,71.04263679999858,72.00999679999799,1,75.26163199999928,1,,,75.88111360000075,75.88111360000075,1,1,rewarded but pellet not taken
6,76.05680640000105,100,2,76.32294399999827,76.4233471999988,1,77.60326399999857,1,,78.94168320000172,78.94168320000172,84.85900800000131,1,1,"accepted, waited, rewarded, and collected"
7,84.85963520000129,20,3,85.09167359999567,85.19242239999771,1,,0,87.79566079999506,,87.79566079999506,93.80194559999555,1,1,animal accepted but quit before outcome revealed
8,94.0444415999949,100,4,94.34245120000094,94.40817920000106,1,95.57711360000074,1,,,103.25114880000055,107.35653119999915,1,1,rewarded but pellet not taken
9,,,3,,,0,,0,,,,113.69117440000177,0,2,
10,,,4,,,0,,0,,,,117.80087039999664,0,2,
11,117.96261119999737,100,1,118.29653759999573,119.19705600000172,0,,0,,,119.19705600000172,119.19705600000172,0,3,entered T junction then rejected and moved on
12,119.27164159999788,20,2,128.3820287999958,128.5480447999984,1,,0,136.29085440000148,,136.29085440000148,146.70211840000005,0,3,animal accepted but quit before outcome revealed
13,,,1,,,0,,0,,,,127.60715519999712,0,4,
14,146.96344319999963,80,3,147.262630400002,147.4302848000005,1,,0,150.53393919999897,,150.53393919999897,150.66778880000115,0,5,animal accepted but quit before outcome revealed
15,150.70892799999564,20,4,151.406054399997,151.7400832000002,1,,0,155.71066879999637,,155.71066879999637,156.9505023999959,0,5,animal accepted but quit before outcome revealed
16,156.97624319999665,20,1,157.47356159999967,158.47481599999963,1,,0,160.10981120000034,,160.10981120000034,160.2436480000019,1,5,animal accepted but quit before outcome revealed
17,160.28432639999687,100,2,160.5508095999956,160.65157119999827,1,161.8007039999962,1,,162.9377023999989,162.9377023999989,169.9287295999974,1,5,"accepted, waited, rewarded, and collected"
18,170.12417279999704,100,3,170.4226687999964,170.52293119999766,1,171.63525119999795,1,,172.71985920000077,172.71985920000077,187.0096767999977,1,5,"accepted, waited, rewarded, and collected"
19,187.14658559999614,80,4,187.41279999999702,187.47980799999834,1,190.58219519999622,1,,,200.42808320000023,200.86182400000095,1,5,rewarded but pellet not taken
20,201.1244799999967,0,1,201.39039999999852,201.52424960000067,1,,0,204.19390720000118,,204.19390720000118,204.36062719999998,2,5,animal accepted but quit before outcome revealed
21,204.40175360000134,0,2,204.66798079999538,204.73598719999939,1,,0,205.87045120000093,,205.87045120000093,206.90483199999483,2,5,animal accepted but quit before outcome revealed
22,207.06700800000132,0,3,207.43229439999908,207.6313728,1,,0,207.96622079999744,,207.96622079999744,207.96622079999744,2,5,animal accepted but quit but quit wasnot timestamped
23,207.97071359999478,100,4,208.27013120000063,208.53799679999798,1,209.8062848000005,1,,,213.20889599999785,213.30437119999527,2,5,rewarded but pellet not taken
24,213.30576640000194,100,1,213.57063679999857,213.63875840000063,1,214.74053119999914,1,,,220.1464447999969,221.14597119999678,3,5,rewarded but pellet not taken
25,222.2556799999997,100,2,222.79244799999893,222.89539840000123,1,223.99463679999857,1,,225.07582719999553,225.07582719999553,231.5350015999973,3,5,"accepted, waited, rewarded, and collected"
26,231.69658879999815,80,3,231.99559679999948,232.09317119999974,1,235.19759359999745,0,,,235.19759359999745,240.43609600000084,3,5,"accepted, waited, no-reward"
27,240.70882559999825,0,4,241.0427775999978,241.34049279999732,0,,0,,,241.34049279999732,241.34049279999732,3,5,entered T junction then rejected and moved on
28,241.34207999999822,80,1,241.60287999999522,241.83777279999853,1,,0,242.30470399999618,,242.30470399999618,242.5731071999967,4,5,animal accepted but quit before outcome revealed
29,242.5823999999985,100,2,242.87847680000215,242.94620160000025,1,244.11413759999724,1,,245.242111999996,245.242111999996,252.82328319999576,4,5,"accepted, waited, rewarded, and collected"
30,253.01708799999952,100,3,253.31691519999504,253.4180863999948,1,254.55253759999573,1,,255.54428159999847,255.54428159999847,258.05717759999635,4,5,"accepted, waited, rewarded, and collected"
31,258.0610815999955,100,4,258.39495679999885,258.46031359999625,1,,0,258.7606015999988,,258.7606015999988,259.0246528000012,4,5,animal accepted but quit before outcome revealed
32,259.02574080000073,80,1,259.3568255999982,259.4582144000009,1,262.56687359999864,0,,,262.56687359999864,263.62817279999706,5,5,"accepted, waited, no-reward"
33,263.636684799999,0,2,263.96911360000075,264.3038720000014,0,,0,,,264.3038720000014,264.3038720000014,5,5,entered T junction then rejected and moved on
34,264.33052160000057,100,3,265.5642752000019,265.69763839999587,1,266.80025599999726,1,,267.8907135999948,267.8907135999948,275.61318400000033,5,5,"accepted, waited, rewarded, and collected"
35,275.61716479999575,100,4,276.18012160000205,276.2473471999988,1,277.4839296000004,1,,,280.68588799999657,280.74851839999855,5,5,rewarded but pellet not taken
36,280.7490432000011,20,1,281.0140159999952,281.113996799998,1,,0,281.8166656000018,,281.8166656000018,282.454796799995,6,5,animal accepted but quit before outcome revealed
37,,,4,,,0,,0,,,,285.9249024000019,0,6,
38,,,3,,,0,,0,,,,300.0376319999993,0,6,
39,,,4,,,0,,0,,,,304.2455296000019,0,6,
40,,,1,,,0,,0,,,,310.08515839999916,0,6,
41,310.2223231999949,80,2,310.6617343999967,311.39170560000093,1,,0,313.0530047999993,,313.0530047999993,313.0530047999993,0,7,animal accepted but quit but quit wasnot timestamped
42,313.0537471999973,80,3,313.8868351999968,314.8884864000008,0,,0,,,314.8884864000008,314.8884864000008,0,7,entered T junction then rejected and moved on
43,314.9258751999959,0,4,315.42521599999816,315.59212799999864,1,,0,315.8877951999977,,315.8877951999977,315.8877951999977,0,7,animal accepted but quit but quit wasnot timestamped
44,315.8903936000019,0,1,333.7409535999969,334.7081216000021,1,,0,336.346111999996,,336.346111999996,336.97941759999844,1,7,animal accepted but quit before outcome revealed
45,,,4,,,0,,0,,,,344.92627199999987,0,8,
46,,,3,,,0,,0,,,,349.1261823999956,0,8,
47,,,2,,,0,,0,,,,357.8102527999952,0,8,
48,,,1,,,0,,0,,,,366.11252479999513,0,8,
49,366.38903040000054,0,2,367.090060800001,367.7606143999994,0,,0,,,367.7606143999994,367.7606143999994,0,9,entered T junction then rejected and moved on
50,367.7939072000012,80,3,368.08780799999835,368.3171071999967,0,,0,,,368.3171071999967,368.3171071999967,0,9,entered T junction then rejected and moved on
51,368.38759679999947,100,4,368.8539776000008,369.1857280000001,1,370.46819839999824,1,,371.5781247999966,371.5781247999966,374.39477759999784,0,9,"accepted, waited, rewarded, and collected"
52,374.49468159999697,100,1,374.8552320000008,374.9903615999967,1,376.090688000001,1,,377.1617280000001,377.1617280000001,381.4711167999953,1,9,"accepted, waited, rewarded, and collected"
53,381.4710527999997,20,2,381.80378880000114,381.9073280000016,1,,0,382.5709567999989,,382.5709567999989,382.90753279999643,1,9,animal accepted but quit before outcome revealed
54,382.9117184000015,100,3,402.2555648000017,402.5619711999968,1,,0,407.55967999999973,,407.55967999999973,410.08122879999877,1,9,animal accepted but quit before outcome revealed
55,410.0803328000009,0,4,410.499545599997,386.53902080000194,1,,0,412.737996799998,,412.737996799998,417.8117760000005,1,9,animal accepted but quit before outcome revealed
56,418.2750463999957,80,1,418.6042496000007,418.710003200002,1,,0,421.17674239999803,,421.17674239999803,421.30972159999607,2,9,animal accepted but quit before outcome revealed
57,421.35203840000185,20,2,421.6484095999971,421.74984960000216,1,,0,422.2465151999965,,422.2465151999965,422.2465151999965,2,9,animal accepted but quit but quit wasnot timestamped
58,422.24750079999865,0,3,422.4768383999988,422.64389119999856,1,,0,423.4782719999999,,423.4782719999999,423.5795071999952,2,9,animal accepted but quit before outcome revealed
59,423.5820671999976,100,4,423.9832320000008,424.1174783999994,1,,0,424.68418559999765,,424.68418559999765,424.8812287999988,2,9,animal accepted but quit before outcome revealed
60,424.88216319999844,100,1,425.1465855999962,425.2450943999961,1,,0,425.8468735999987,,425.8468735999987,443.0986367999986,3,9,animal accepted but quit before outcome revealed
61,,,4,,,0,,0,,,,442.6047104000002,0,10,
62,443.47512319999936,20,2,443.77447680000216,443.84053759999574,1,448.97812479999664,0,,,448.97812479999664,452.68647680000214,0,11,"accepted, waited, no-reward"
63,452.89063679999856,100,3,453.17886720000206,453.27848959999534,1,454.3940351999998,1,,455.4553856000006,455.4553856000006,459.4530047999993,0,11,"accepted, waited, rewarded, and collected"
64,459.4548991999999,80,4,459.75439360000195,459.8547327999994,1,,0,460.422003200002,,460.422003200002,460.5529600000009,0,11,animal accepted but quit before outcome revealed
65,460.5553024000004,80,1,460.8181631999984,460.9181951999962,1,,0,461.58862079999597,,461.58862079999597,461.8571519999951,1,11,animal accepted but quit before outcome revealed
66,461.89775360000135,80,2,462.22796799999475,462.32919039999695,1,465.4660095999986,1,,467.03192319999636,467.03192319999636,474.2783999999985,1,11,"accepted, waited, rewarded, and collected"
67,474.5380736000016,20,3,474.77027839999647,475.038630400002,0,,0,,,475.038630400002,475.038630400002,1,11,entered T junction then rejected and moved on
68,475.07348479999604,0,4,475.3386752000004,475.6027263999954,0,,0,,,475.6027263999954,475.6027263999954,1,11,entered T junction then rejected and moved on
69,475.60386559999733,100,1,475.90213120000067,476.26947839999946,0,,0,,,476.26947839999946,476.26947839999946,2,11,entered T junction then rejected and moved on
70,476.3487615999952,0,2,476.74749440000204,476.84536320000143,1,,0,480.9840128000006,,480.9840128000006,481.31701759999993,2,11,animal accepted but quit before outcome revealed
71,481.3449983999953,80,3,481.6130943999961,481.74510080000016,1,,0,484.88148479999603,,484.88148479999603,485.9560319999978,2,11,animal accepted but quit before outcome revealed
72,485.9885824000016,20,4,486.39042559999973,486.4906623999998,1,,0,487.08989440000056,,487.08989440000056,488.6505599999949,2,11,animal accepted but quit before outcome revealed
73,488.6510080000013,0,1,496.8937343999967,496.8937343999967,0,,0,,,496.8937343999967,496.8937343999967,3,11,entered T junction but never entered restaurant
74,,,4,,,0,,0,,,,496.49795839999615,0,12,
75,497.26958079999685,80,2,497.56888319999723,497.6352639999986,1,500.94124799999594,1,,501.957376000002,501.957376000002,506.8787840000019,0,13,"accepted, waited, rewarded, and collected"
76,509.3470847999975,100,3,510.581311999999,511.91256319999695,1,,0,513.1484543999956,,513.1484543999956,533.0371199999973,0,13,animal accepted but quit before outcome revealed
77,533.105548799999,100,4,533.3044095999971,533.3376383999959,1,534.3738496000021,1,,542.3595135999992,542.3595135999992,549.627187199995,0,13,"accepted, waited, rewarded, and collected"
78,,,3,,,0,,0,,,,561.4362111999989,0,14,
79,,,4,,,0,,0,,,,565.0482431999967,0,14,
80,565.4149376000017,80,1,565.6727551999986,565.837376000002,1,568.9072383999974,1,,569.8666495999992,569.8666495999992,574.9816832000017,0,15,"accepted, waited, rewarded, and collected"
81,574.9912320000008,20,2,575.3238655999974,575.4570111999959,1,,0,576.525311999999,,576.525311999999,576.6930047999992,0,15,animal accepted but quit before outcome revealed
82,576.6938368000016,80,3,577.0223359999954,577.1581823999957,1,,0,578.2250623999983,,578.2250623999983,605.4198016000017,0,15,animal accepted but quit before outcome revealed
83,,,2,,,0,,0,,,,609.4981631999984,0,16,
84,,,3,,,0,,0,,,,612.1966335999965,0,16,
85,612.400742399998,100,4,612.7313407999948,612.7972735999972,1,613.9376000000015,1,,615.5125247999952,615.5125247999952,618.935078400001,0,17,"accepted, waited, rewarded, and collected"
86,618.935935999997,100,1,619.3047295999974,619.4317823999971,1,620.5552895999998,1,,621.5340799999982,621.5340799999982,624.7766143999994,1,17,"accepted, waited, rewarded, and collected"
87,624.816742399998,20,2,625.1817599999979,625.2486015999988,1,,0,625.6155135999993,,625.6155135999993,626.2523904,1,17,animal accepted but quit before outcome revealed
88,626.2838399999961,100,3,626.5463039999977,626.6819967999979,1,,0,627.4772607999965,,627.4772607999965,627.554623999998,1,17,animal accepted but quit before outcome revealed
89,627.5874688000008,0,4,627.9177599999979,627.9786239999979,1,,0,628.3780223999992,,628.3780223999992,628.3780223999992,1,17,animal accepted but quit but quit wasnot timestamped
90,628.3797119999975,20,1,628.6805759999976,628.8140159999951,1,,0,630.1114367999955,,630.1114367999955,630.3454591999948,2,17,animal accepted but quit before outcome revealed
91,630.3879807999954,20,2,630.7873791999966,631.1166591999978,0,,0,,,631.1166591999978,631.1166591999978,2,17,entered T junction then rejected and moved on
92,631.117196800001,0,3,631.4217215999961,631.7213183999955,0,,0,,,631.7213183999955,631.7213183999955,2,17,entered T junction then rejected and moved on
93,631.7873919999972,80,4,632.1855487999991,632.2835071999953,1,635.4002559999973,1,,636.4490111999959,636.4490111999959,640.2894208000005,2,17,"accepted, waited, rewarded, and collected"
94,640.2899072000012,0,1,640.6556928000003,640.7895551999957,1,,0,641.3295615999997,,641.3295615999997,641.8926719999984,3,17,animal accepted but quit before outcome revealed
95,641.9020927999989,20,2,642.2691327999979,642.3680767999962,1,,0,642.8375040000006,,642.8375040000006,642.8375040000006,3,17,animal accepted but quit but quit wasnot timestamped
96,642.8652544,0,3,643.1656704000011,643.4692863999978,0,,0,,,643.4692863999978,643.4692863999978,3,17,entered T junction then rejected and moved on
97,643.530803199999,0,4,643.8639743999988,643.9337855999992,1,,0,645.9989248000011,,645.9989248000011,675.5002879999951,3,17,animal accepted but quit before outcome revealed
98,675.7337471999973,80,1,676.1631488000005,676.2637184000015,1,679.365196800001,1,,680.4892672000005,680.4892672000005,684.1076863999963,4,17,"accepted, waited, rewarded, and collected"
99,684.1502463999987,80,2,684.514739199996,684.6149503999949,1,687.7610879999995,1,,689.0832383999973,689.0832383999973,698.0993919999972,4,17,"accepted, waited, rewarded, and collected"
100,698.2597119999975,100,3,698.5931136000007,698.7275392000005,1,699.8365311999992,1,,700.970739199996,700.970739199996,708.513305599995,4,17,"accepted, waited, rewarded, and collected"
101,708.5427071999982,20,4,708.8417664000019,708.9384703999981,1,,0,713.9426048000008,,713.9426048000008,714.0063487999961,4,17,animal accepted but quit before outcome revealed
102,714.0071807999983,20,1,714.3393407999947,714.6763904,0,,0,,,714.6763904,714.6763904,5,17,entered T junction then rejected and moved on
103,714.6866943999976,80,2,715.0520063999966,715.2846335999966,1,,0,715.4530687999949,,715.4530687999949,715.4530687999949,5,17,animal accepted but quit but quit wasnot timestamped
104,715.4802047999948,0,3,715.9446400000006,716.248115199998,0,,0,,,716.248115199998,716.248115199998,5,17,entered T junction then rejected and moved on
105,716.3130751999989,80,4,716.6476031999961,716.7475327999964,1,719.8975744000003,1,,720.9905791999996,720.9905791999996,724.1199231999964,5,17,"accepted, waited, rewarded, and collected"
106,724.1204864000008,20,1,724.4511488000005,724.5512320000008,1,,0,728.155315200001,,728.155315200001,728.4571008000001,6,17,animal accepted but quit before outcome revealed
107,728.500505599998,100,2,728.8335103999972,728.9318911999985,1,730.0499711999968,1,,731.0751359999999,731.0751359999999,740.5476096000001,6,17,"accepted, waited, rewarded, and collected"
108,740.5763967999965,80,3,740.8731903999969,740.9741184000001,1,744.0922239999994,1,,745.1382783999965,745.1382783999965,750.5870719999969,6,17,"accepted, waited, rewarded, and collected"
109,751.7529600000009,80,4,752.486975999996,753.6594560000002,0,,0,,,753.6594560000002,753.6594560000002,6,17,entered T junction then rejected and moved on
110,754.0936319999993,80,1,756.6873984000013,756.6873984000013,0,,0,,,756.6873984000013,756.6873984000013,7,17,entered T junction but never entered restaurant
111,758.502630400002,20,2,759.8336128000021,760.037427199997,1,,0,761.4727807999998,,761.4727807999998,761.8645503999963,7,17,animal accepted but quit before outcome revealed
112,761.8648959999979,0,3,762.3683200000003,762.5012991999984,1,,0,764.504742399998,,764.504742399998,770.9785855999961,7,17,animal accepted but quit before outcome revealed
113,771.2480767999962,80,4,771.5412991999984,771.6108288000003,1,774.761190399997,1,,,777.8144768000021,777.8791167999954,7,17,rewarded but pellet not taken
114,777.8799103999958,100,1,778.2117632,778.3124479999989,1,779.4281216000021,1,,780.5795839999988,780.5795839999988,784.6264063999951,8,17,"accepted, waited, rewarded, and collected"
115,784.666175999999,100,2,784.9659904000014,785.0637567999959,1,786.1779839999974,1,,787.1995903999955,787.1995903999955,793.336,8,17,"accepted, waited, rewarded, and collected"
116,793.3365759999975,20,3,793.667494400002,793.7684607999995,1,,0,794.3063039999977,,794.3063039999977,794.4349311999977,8,17,animal accepted but quit before outcome revealed
117,794.4684799999967,20,4,794.7024255999997,794.8016128000021,1,,0,795.0741247999966,,795.0741247999966,795.4018047999963,8,17,animal accepted but quit before outcome revealed
118,795.4026367999986,0,1,795.6650879999995,795.7667327999994,1,,0,796.7331455999986,,796.7331455999986,801.4388735999986,9,17,animal accepted but quit before outcome revealed
119,801.6191488000005,100,2,802.0172287999987,802.0830975999982,1,803.2174591999948,1,,804.2689535999968,804.2689535999968,814.0625535999984,9,17,"accepted, waited, rewarded, and collected"
120,814.1938047999963,100,3,814.4929663999975,814.5947008000016,1,815.6968447999955,1,,816.7587712000012,816.7587712000012,820.1650943999961,9,17,"accepted, waited, rewarded, and collected"
121,820.2310271999985,100,4,820.5983871999979,820.6691071999967,1,821.8100095999986,1,,,824.6671488000005,824.7321983999982,9,17,rewarded but pellet not taken
122,824.7329919999987,0,1,825.001139200002,825.1012607999966,1,,0,825.5656191999987,,825.5656191999987,830.4519807999953,10,17,animal accepted but quit before outcome revealed
123,,,4,,,0,,0,,,,829.7098879999966,0,18,
124,830.4519296000004,0,2,830.7499776000008,830.8499455999955,1,,0,831.1492096000015,,831.1492096000015,831.6777983999997,0,19,animal accepted but quit before outcome revealed
125,831.6783104000017,20,3,831.9780095999986,832.0771711999997,1,,0,833.6795135999993,,833.6795135999993,861.6782207999975,0,19,animal accepted but quit before outcome revealed
126,861.8431231999994,80,4,862.1427327999994,862.2115711999983,1,,0,864.2802559999973,,864.2802559999973,866.0859263999984,0,19,animal accepted but quit before outcome revealed
127,866.0912255999967,100,1,866.3496319999992,866.4479487999976,1,867.5321088000014,1,,868.540799999997,868.540799999997,871.5861375999972,1,19,"accepted, waited, rewarded, and collected"
128,871.5953791999966,100,2,871.9655679999962,872.0643071999997,1,873.167078400001,1,,874.2759807999954,874.2759807999954,878.7028095999956,1,19,"accepted, waited, rewarded, and collected"
129,878.7035135999993,0,3,878.9977727999985,879.4012415999994,0,,0,,,879.4012415999994,879.4012415999994,1,19,entered T junction then rejected and moved on
130,879.4339455999956,100,4,879.6995327999964,879.7988479999974,1,880.9856000000015,1,,,882.7695359999984,882.8652159999981,1,19,rewarded but pellet not taken
131,882.8657664000019,0,1,883.132287999995,883.2652800000012,1,,0,886.7351423999966,,886.7351423999966,886.969433600001,2,19,animal accepted but quit before outcome revealed
132,887.0178816,100,2,887.3825279999971,887.4822400000021,1,888.5834623999968,1,,889.6657536000014,889.6657536000014,893.3191295999959,2,19,"accepted, waited, rewarded, and collected"
133,893.3197312000021,80,3,893.6836991999969,893.8169343999997,1,,0,895.9867263999954,,895.9867263999954,896.2204160000011,2,19,animal accepted but quit before outcome revealed
134,896.249433600001,100,4,896.5876096000001,896.6486015999988,1,897.793075199999,1,,,899.558003200002,899.6175487999991,2,19,rewarded but pellet not taken
135,899.6182144000009,0,1,899.8861568000019,899.9851519999951,1,,0,900.9185920000002,,900.9185920000002,901.2187263999954,3,19,animal accepted but quit before outcome revealed
136,901.2301951999963,20,2,901.5650304000005,901.6660991999954,1,906.7847936000004,0,,,906.7847936000004,910.6071935999989,3,19,"accepted, waited, no-reward"
137,910.7343871999979,0,3,910.9695872000009,911.2694527999982,0,,0,,,911.2694527999982,911.2694527999982,3,19,entered T junction then rejected and moved on
138,911.3182848000005,100,4,911.5691264000013,911.7658496000022,1,912.9436671999991,1,,,914.6702463999986,914.7384319999964,3,19,rewarded but pellet not taken
139,914.7440384000018,20,1,915.004057599999,915.1025279999972,1,,0,919.6757247999981,,919.6757247999981,919.9790335999951,4,19,animal accepted but quit before outcome revealed
140,919.9886207999959,0,2,920.3523456000015,920.4182783999964,1,,0,920.887884800002,,920.887884800002,920.887884800002,4,19,animal accepted but quit but quit wasnot timestamped
141,920.915993599996,80,3,921.1473791999966,921.4163071999997,0,,0,,,921.4163071999997,921.4163071999997,4,19,entered T junction then rejected and moved on
142,921.451251199998,80,4,921.7438975999951,921.8135935999975,1,,0,922.5453183999956,,922.5453183999956,922.7105920000001,4,19,animal accepted but quit before outcome revealed
143,922.711129599996,0,1,922.9491840000004,923.0442496000006,1,,0,924.147187199995,,924.147187199995,926.1471999999956,5,19,animal accepted but quit before outcome revealed
144,927.3641599999964,20,2,927.8282496000007,927.9282687999979,1,,0,928.5930367999971,,928.5930367999971,929.0664191999957,5,19,animal accepted but quit before outcome revealed
145,929.1008511999994,80,3,929.3886463999971,929.4894464000016,1,,0,930.8582016000003,,930.8582016000003,931.0251519999952,5,19,animal accepted but quit before outcome revealed
146,931.0565759999976,0,4,931.3886591999977,931.4570751999989,1,,0,931.8918271999955,,931.8918271999955,931.8918271999955,5,19,animal accepted but quit but quit wasnot timestamped
147,931.8934912000001,0,1,932.1556096,932.5544959999993,1,939.6691968000009,0,,,939.6691968000009,956.8501631999984,6,19,"accepted, waited, no-reward"
148,956.8935296000019,100,2,960.8652031999975,960.9652607999966,1,,0,967.8064895999953,,967.8064895999953,967.8064895999953,6,19,animal accepted but quit before outcome revealed
149,,,1,,,0,,0,,,,960.3203839999959,0,20,
150,968.1088768000006,80,3,968.4333951999993,968.5327871999964,1,971.613427199997,1,,972.7687807999998,972.7687807999998,983.1203711999952,0,21,"accepted, waited, rewarded, and collected"
151,983.1516415999979,100,4,983.4809600000009,983.5469952000007,1,984.6487679999992,1,,,985.9842431999966,986.1220223999992,0,21,rewarded but pellet not taken
152,986.1286400000006,20,1,986.4534143999964,986.5493376000002,1,,0,987.4503423999995,,987.4503423999995,987.6524032000005,1,21,animal accepted but quit before outcome revealed
153,987.7029887999967,100,2,988.0305920000002,988.1309311999977,1,989.2630015999973,1,,990.3053823999986,990.3053823999986,1004.7786495999992,1,21,"accepted, waited, rewarded, and collected"
154,1004.7796224000007,100,3,1005.1752192000001,1005.3440384000019,1,1006.4814975999966,1,,1011.8932096000016,1011.8932096000016,1017.9956607999951,1,21,"accepted, waited, rewarded, and collected"
155,1018.0904575999975,20,4,1018.7210239999965,1018.7901312000006,1,,0,1020.4594560000003,,1020.4594560000003,1023.0582144000009,1,21,animal accepted but quit before outcome revealed
156,,,3,,,0,,0,,,,1025.8986367999985,0,22,
157,,,4,,,0,,0,,,,1033.903423999995,0,22,
158,1034.1033471999988,0,1,1034.403161600001,1034.5050239999964,1,,0,1040.077606399998,,1040.077606399998,1040.2131071999968,0,23,animal accepted but quit before outcome revealed
159,1040.2258944000005,0,2,1040.5566463999971,1040.653875199996,1,,0,1041.0570367999971,,1041.0570367999971,1041.3205503999964,0,23,animal accepted but quit before outcome revealed
160,1041.3211775999964,0,3,1041.5833728,1041.7185920000002,1,,0,1042.121190399997,,1042.121190399997,1042.2895231999978,0,23,animal accepted but quit before outcome revealed
161,1042.320447999999,80,4,1042.6155007999987,1042.6822655999958,1,,0,1043.0484607999995,,1043.0484607999995,1043.0484607999995,0,23,animal accepted but quit but quit wasnot timestamped
162,1043.0500223999993,100,1,1043.3464831999988,1043.4464512000009,1,1044.5559807999953,1,,1045.6187263999955,1045.6187263999955,1050.2214015999957,1,23,"accepted, waited, rewarded, and collected"
163,1050.2652928000018,20,2,1050.6993024000003,1050.8000384000018,1,,0,1054.736230399996,,1054.736230399996,1055.4326528000013,1,23,animal accepted but quit before outcome revealed
164,1055.4331775999963,80,3,1055.7332223999947,1055.9675392000004,0,,0,,,1055.9675392000004,1055.9675392000004,1,23,entered T junction then rejected and moved on
165,1056.0017280000002,0,4,1056.2995711999984,1071.655884800002,1,,0,1074.5504640000015,,1074.5504640000015,1074.5504640000015,1,23,animal accepted but quit before outcome revealed
166,1056.5629439999982,0,1,1056.8646528000013,1057.4967167999969,0,,0,,,1057.4967167999969,1057.4967167999969,2,23,entered T junction then rejected and moved on
167,1057.674559999995,0,2,1059.7429120000004,1060.1096576000004,1,,0,1061.911667199999,,1061.911667199999,1066.317043200001,2,23,animal accepted but quit before outcome revealed
168,,,1,,,0,,0,,,,1075.8850175999999,0,24,
169,1077.1957375999987,100,3,1077.6580351999999,1077.758297600001,1,1078.8616576000004,1,,1079.9424127999991,1079.9424127999991,1092.6753024000004,0,25,"accepted, waited, rewarded, and collected"
170,1092.7715711999983,0,4,1103.954585599996,1103.9877503999994,1,,0,1104.5836799999997,,1104.5836799999997,1104.5836799999997,0,25,animal accepted but quit before outcome revealed
171,,,3,,,0,,0,,,,1103.4226048000007,0,26,
172,1104.819187199995,20,1,1105.085311999999,1105.220684799999,1,,0,1110.189900799997,,1110.189900799997,1110.490150399998,0,27,animal accepted but quit before outcome revealed
173,1110.5008383999989,100,2,1110.836799999997,1110.970803199999,1,1112.1398271999956,1,,1113.5977343999966,1113.5977343999966,1162.5937919999958,0,27,"accepted, waited, rewarded, and collected"
174,1162.7561983999983,0,3,1163.3213823999986,1163.6567936000004,1,,0,1166.159257600002,,1166.159257600002,1166.2942591999993,0,27,animal accepted but quit before outcome revealed
175,1166.3275648000017,20,4,1166.6232959999963,1166.6884736000002,1,,0,1167.6550015999974,,1167.6550015999974,1167.7237632,0,27,animal accepted but quit before outcome revealed
176,1167.7244288000018,20,1,1167.9899776000009,1168.0909824,1,1173.207577599995,0,,,1173.207577599995,1173.8959231999963,1,27,"accepted, waited, no-reward"
177,1173.9417727999985,0,2,1174.2754944000021,1174.3435392000006,1,,0,1174.7742463999987,,1174.7742463999987,1175.4705151999965,1,27,animal accepted but quit before outcome revealed
178,1175.470924800001,20,3,1175.770559999995,1177.0085375999956,1,,0,1178.9740927999987,,1178.9740927999987,1180.3076863999963,1,27,animal accepted but quit before outcome revealed
179,1180.4388479999975,80,4,1180.7713407999947,1180.8704640000014,1,1184.0862463999986,1,,,1186.7779583999961,1186.8483071999997,1,27,rewarded but pellet not taken
180,1186.849036799997,100,1,1187.1097855999992,1187.2128383999989,1,1188.3163391999974,1,,1189.3149439999984,1189.3149439999984,1193.3524223999977,2,27,"accepted, waited, rewarded, and collected"
181,1193.3656319999993,0,2,1193.7309055999965,1193.799487999998,1,,0,1194.0657664000018,,1194.0657664000018,1195.5988351999968,2,27,animal accepted but quit before outcome revealed
182,1195.6268288000003,0,3,1195.9257983999998,1196.1592192000003,0,,0,,,1196.1592192000003,1196.1592192000003,2,27,entered T junction then rejected and moved on
183,1196.1893632000015,20,4,1196.4875263999998,1196.5975168000014,1,,0,1219.9477760000004,,1219.9477760000004,1219.9477760000004,2,27,animal accepted but quit before outcome revealed
184,1196.7680256000012,100,1,1197.0246272,1197.1236352000012,1,1198.228761599995,1,,1199.269094399996,1199.269094399996,1213.5095296000018,3,27,"accepted, waited, rewarded, and collected"
185,1203.5074431999997,100,2,1203.8740736000016,1204.0069376000017,1,1205.1819904000015,1,,1206.2288255999983,1206.2288255999983,1213.043878399998,3,27,"accepted, waited, rewarded, and collected"
186,,,1,,,0,,0,,,,1224.9873024000003,0,28,
187,,,2,,,0,,0,,,,1226.666393600002,0,28,
188,1227.062272,100,3,1227.3613183999955,1227.4981375999973,1,1228.6550399999992,1,,1229.7502591999992,1229.7502591999992,1238.3110015999973,0,29,"accepted, waited, rewarded, and collected"
189,1238.3393407999947,100,4,1238.6422655999959,1238.705190399997,1,1239.8494208000004,1,,,1242.0757247999982,1242.141824000001,0,29,rewarded but pellet not taken
190,1242.1424255999998,100,1,1242.4409728000014,1242.542015999995,1,1243.6417919999958,1,,1244.812953599997,1244.812953599997,1250.519308799997,1,29,"accepted, waited, rewarded, and collected"
191,1250.5309824,20,2,1250.9292031999976,1251.0298112000003,1,,0,1253.1626623999998,,1253.1626623999998,1253.4260863999948,1,29,animal accepted but quit before outcome revealed
192,1253.4263808000014,80,3,1253.7250815999955,1253.8585088,1,,0,1254.6262272000015,,1254.6262272000015,1254.7881216000021,1,29,animal accepted but quit before outcome revealed
193,1254.7892607999966,20,4,1255.088332800001,1255.154739199996,1,,0,1255.7218047999963,,1255.7218047999963,1255.7218047999963,1,29,animal accepted but quit but quit wasnot timestamped
194,1255.7225088,0,1,1256.0219007999972,1256.122559999995,1,,0,1257.5910912000015,,1257.5910912000015,1257.8617215999961,2,29,animal accepted but quit before outcome revealed
195,1257.9046528000013,80,2,1258.301759999998,1258.3685503999964,1,1261.5209983999953,1,,1262.6439679999949,1262.6439679999949,1272.781401599996,2,29,"accepted, waited, rewarded, and collected"
196,1272.7818496000023,80,3,1273.120115199998,1273.250111999996,1,,0,1273.9522559999973,,1273.9522559999973,1274.1523967999965,2,29,animal accepted but quit before outcome revealed
197,1274.184076799996,0,4,1274.4451711999998,1274.511193599999,1,,0,1274.8123775999993,,1274.8123775999993,1274.8123775999993,2,29,animal accepted but quit but quit wasnot timestamped
198,1274.8140287999959,100,1,1275.1111679999976,1275.2113535999954,1,1276.3154431999997,1,,1277.4320767999961,1277.4320767999961,1284.559411200002,3,29,"accepted, waited, rewarded, and collected"
199,1282.2329215999991,0,2,1282.8970239999965,1284.190003200002,0,,0,,,1284.190003200002,1284.190003200002,3,29,entered T junction then rejected and moved on
200,,,4,,,0,,0,,,,1291.3284864000007,0,30,
201,,,1,,,0,,0,,,,1292.7326719999985,0,30,
202,,,2,,,0,,0,,,,1294.3144959999993,0,30,
203,1294.5734015999958,100,3,1294.9397503999994,1295.0724095999972,1,1296.185932799995,1,,1297.1558655999972,1297.1558655999972,1305.3170687999948,0,31,"accepted, waited, rewarded, and collected"
204,1305.4462976000011,20,4,1305.7449472000003,1305.811814399995,1,,0,1306.1788159999996,,1306.1788159999996,1306.4495744000003,0,31,animal accepted but quit before outcome revealed
205,1306.4501631999985,100,1,1306.7161983999983,1306.8510591999964,1,1307.9636991999969,1,,1308.958630400002,1308.958630400002,1312.3206015999988,1,31,"accepted, waited, rewarded, and collected"
206,1312.364915199995,100,2,1315.9367295999973,1316.1046143999995,1,1317.2076799999998,1,,1318.2688768000007,1318.2688768000007,1326.4095359999985,1,31,"accepted, waited, rewarded, and collected"
207,1326.4098431999982,100,3,1326.9428223999962,1327.0451711999997,1,1328.1919743999988,1,,1329.3123200000002,1329.3123200000002,1334.462169599995,1,31,"accepted, waited, rewarded, and collected"
208,1334.5463423999995,0,4,1334.8815615999997,1334.978175999999,1,,0,1335.2833791999965,,1335.2833791999965,1335.2833791999965,1,31,animal accepted but quit but quit wasnot timestamped
209,1335.2847104000002,20,1,1335.5482111999988,1335.649996799998,1,,0,1336.214348799996,,1336.214348799996,1336.5469439999983,2,31,animal accepted but quit before outcome revealed
210,1336.5922431999966,20,2,1336.9245951999947,1337.0249728000015,1,,0,1338.660505599998,,1338.660505599998,1341.099366399996,2,31,animal accepted but quit before outcome revealed
211,1342.8679039999993,20,3,1343.2965503999962,1343.7948799999951,1,,0,1344.2288255999983,,1344.2288255999983,1344.2288255999983,2,31,animal accepted but quit but quit wasnot timestamped
212,1344.2904319999964,0,4,1344.5880960000009,1344.6884736000002,1,,0,1346.3927295999974,,1346.3927295999974,1347.0627456,2,31,animal accepted but quit before outcome revealed
213,1347.064,20,1,1347.3965311999991,1347.5277695999964,1,,0,1348.263257600002,,1348.263257600002,1348.594329599999,3,31,animal accepted but quit before outcome revealed
214,1348.6399103999956,80,2,1348.9736319999993,1349.0734464000016,1,1352.2192639999985,1,,1353.2311423999965,1353.2311423999965,1358.0167167999969,3,31,"accepted, waited, rewarded, and collected"
215,1358.0178816,0,3,1358.344332800001,1358.5440895999968,1,,0,1358.912512000002,,1358.912512000002,1358.912512000002,3,31,animal accepted but quit but quit wasnot timestamped
216,1358.9731840000004,20,4,1359.404902400002,1359.472,1,,0,1359.8732415999993,,1359.8732415999993,1360.1401599999965,3,31,animal accepted but quit before outcome revealed
217,1360.1406591999978,100,1,1360.4407295999974,1360.5407104000003,1,1361.683942400001,1,,1362.7590912000016,1362.7590912000016,1367.1502463999987,4,31,"accepted, waited, rewarded, and collected"
218,1367.1612031999975,0,2,1367.561139200002,1367.9617280000002,1,,0,1369.0956799999997,,1369.0956799999997,1369.0956799999997,4,31,animal accepted but quit but quit wasnot timestamped
219,1369.1237632,100,3,1369.5265279999971,1369.656806400001,1,1370.7926783999949,1,,1371.9310463999957,1371.9310463999957,1389.5132031999976,4,31,"accepted, waited, rewarded, and collected"
220,1381.0016767999978,0,4,1381.7638271999956,1381.936678399995,1,,0,1383.767129599996,,1383.767129599996,1395.4824959999994,4,31,animal accepted but quit before outcome revealed
221,1395.4829695999995,80,1,1395.7519615999981,1395.8629503999948,1,1398.9566719999984,1,,1400.068902400002,1400.068902400002,1405.3915263999997,5,31,"accepted, waited, rewarded, and collected"
222,1405.4366975999997,80,2,1406.070975999996,1406.2112127999962,1,1411.0124160000012,1,,1412.214566399999,1412.214566399999,1417.445670400001,5,31,"accepted, waited, rewarded, and collected"
223,1417.4459776000008,0,3,1417.778406399995,1417.9121279999986,1,,0,1418.7142016000003,,1418.7142016000003,1418.9507456000001,5,31,animal accepted but quit before outcome revealed
224,1418.979033599995,80,4,1419.2762368,1419.3790335999952,1,1422.5207167999968,1,,,1424.2479743999988,1424.3495935999974,5,31,rewarded but pellet not taken
225,1424.350156800002,80,1,1424.6489983999952,1424.7476735999958,1,1427.8633728,1,,1429.1079552000017,1429.1079552000017,1432.6905983999968,6,31,"accepted, waited, rewarded, and collected"
226,1432.7367167999969,100,2,1433.1340287999958,1433.2699263999984,1,1434.4061312000006,1,,1435.4951167999952,1435.4951167999952,1450.0489215999992,6,31,"accepted, waited, rewarded, and collected"
227,1450.0492543999999,20,3,1450.5495807999969,1451.1502463999987,1,,0,1452.4252800000013,,1452.4252800000013,1453.7565311999992,6,31,animal accepted but quit before outcome revealed
228,1453.9820159999952,20,4,1454.4839296000005,1454.5798399999962,1,,0,1455.2526975999997,,1455.2526975999997,1455.2526975999997,6,31,animal accepted but quit but quit wasnot timestamped
229,1455.2539776000008,100,1,1455.5867903999983,1455.6836863999963,1,1456.8212223999947,1,,1457.9422591999992,1457.9422591999992,1465.0267647999972,7,31,"accepted, waited, rewarded, and collected"
230,1465.0376576000006,0,2,1465.370918399997,1465.4715648000017,1,,0,1466.663487999998,,1466.663487999998,1480.2587263999953,7,31,animal accepted but quit but quit wasnot timestamped
231,,,1,,,0,,0,,,,1468.768447999999,0,32,
232,,,4,,,0,,0,,,,1474.4018559999988,0,32,
233,,,1,,,0,,0,,,,1479.5163903999999,0,32,
234,1480.588684799999,20,3,1480.853824000001,1481.1528959999978,0,,0,,,1481.1528959999978,1481.1528959999978,0,33,entered T junction then rejected and moved on
235,1481.2164992000014,0,4,1481.4802431999967,1481.545932799995,1,,0,1482.0122496000006,,1482.0122496000006,1482.0122496000006,0,33,animal accepted but quit but quit wasnot timestamped
236,1482.0129279999956,0,1,1482.3123071999996,1482.4128127999977,1,,0,1483.4176128000022,,1483.4176128000022,1495.4270463999958,1,33,animal accepted but quit before outcome revealed
237,1495.742950399995,80,2,1496.0740991999953,1496.1758335999996,1,1499.2761343999953,1,,1500.3192448000013,1500.3192448000013,1510.9185279999972,1,33,"accepted, waited, rewarded, and collected"
238,1510.9188223999963,100,3,1511.2850432000012,1511.3847679999992,1,,0,1511.8222719999999,,1511.8222719999999,1512.0203904,1,33,animal accepted but quit before outcome revealed
239,1512.046924800001,20,4,1512.3787647999973,1512.4447488000021,1,,0,1512.9471231999994,,1512.9471231999994,1512.9471231999994,1,33,animal accepted but quit but quit wasnot timestamped
240,1512.9478911999986,100,1,1513.2809087999985,1513.415423999995,1,1514.5676287999972,1,,1515.6357119999975,1515.6357119999975,1524.1613439999967,2,33,"accepted, waited, rewarded, and collected"
241,1524.1751679999977,20,2,1524.5717503999992,1525.1680639999956,0,,0,,,1525.1680639999956,1525.1680639999956,2,33,entered T junction then rejected and moved on
242,1525.1685887999981,80,3,1525.4361343999951,1525.7016448,0,,0,,,1525.7016448,1525.7016448,2,33,entered T junction then rejected and moved on
243,1525.7277695999965,80,4,1526.0621440000014,1526.165465599999,1,1529.9122303999961,0,,,1529.9122303999961,1532.5718271999956,2,33,"accepted, waited, no-reward"
244,1532.5726335999966,0,1,1533.2051199999974,1533.3698175999968,1,,0,1534.7064703999981,,1534.7064703999981,1534.7064703999981,3,33,animal accepted but quit before outcome revealed
245,1534.9532415999993,80,2,1535.4180223999992,1535.517900799997,1,1538.6329600000008,1,,1539.6484351999984,1539.6484351999984,1545.3244032000005,3,33,"accepted, waited, rewarded, and collected"
246,1545.324684799999,0,3,1545.6577408000007,1546.0915711999983,1,,0,1548.9276543999986,,1548.9276543999986,1553.3660287999958,3,33,animal accepted but quit before outcome revealed
247,1553.5257727999985,80,4,1553.8250495999978,1553.9252735999971,1,1557.1699072000013,1,,,1559.2649472000003,1559.3688319999949,3,33,rewarded but pellet not taken
248,1559.3694208000004,100,1,1559.6715903999955,1559.9023104000016,1,1561.0094719999954,1,,1562.0537087999955,1562.0537087999955,1566.642803199999,4,33,"accepted, waited, rewarded, and collected"
249,1566.6555007999987,20,2,1567.9230080000013,1570.1927039999962,0,,0,,,1570.1927039999962,1578.4665727999954,4,33,entered T junction then rejected and moved on
250,1570.2220415999964,100,3,1571.0192255999968,1571.954111999996,1,1573.4313728,1,,,1575.3624191999957,1577.5655935999976,4,33,rewarded but pellet not taken
251,,,1,,,0,,0,,,,1586.9997056000009,0,34,
252,1594.7420415999964,80,4,1583.458393600002,1595.5425151999966,1,1598.681932799995,0,,,1598.681932799995,1607.823641599998,0,35,"accepted, waited, no-reward"
253,,,3,,,0,,0,,,,1594.4799487999976,0,36,
255,1607.9239296000003,100,1,1608.2570367999972,1608.3933183999957,1,1609.4932223999947,1,,1610.5196415999978,1610.5196415999978,1614.996748800002,0,37,"accepted, waited, rewarded, and collected"
256,1615.0094719999954,100,2,1615.4421887999997,1615.542015999995,1,1616.6453504000008,1,,1617.8276863999963,1617.8276863999963,1623.5867775999977,0,37,fetched offer tone
257,1623.5875455999972,20,3,1623.9465088,1624.2515455999971,0,,0,,,1624.2515455999971,1624.2515455999971,0,37,entered T junction then rejected and moved on
258,1624.3107199999988,100,4,1624.6071807999983,1624.708275200002,1,1625.8739200000018,1,,,1628.009139200002,1628.1130879999996,0,37,rewarded but pellet not taken
259,1628.1137536000012,20,1,1628.4130047999993,1628.511423999995,1,1633.627519999996,0,,,1633.627519999996,1634.0191488000005,1,37,"accepted, waited, no-reward"
260,1634.0329728000015,100,2,1634.4317567999958,1634.5308799999952,1,1635.6745088,1,,1636.7527039999961,1636.7527039999961,1643.4696704000012,1,37,"accepted, waited, rewarded, and collected"
261,1643.4699904000015,100,3,1643.9363456000015,1644.036019199997,1,,0,1644.4711040000022,,1644.4711040000022,1644.740351999998,1,37,animal accepted but quit before outcome revealed
262,1644.800563199997,20,4,1645.0976639999972,1645.1665535999985,1,,0,1645.5315455999971,,1645.5315455999971,1645.5315455999971,1,37,animal accepted but quit but quit wasnot timestamped
263,1645.532287999995,20,1,1645.8345983999968,1645.9668479999975,1,,0,1646.6022911999971,,1646.6022911999971,1646.9000447999983,2,37,animal accepted but quit before outcome revealed
264,1646.9456639999971,100,2,1647.2786176000013,1647.378393600002,1,1648.5289087999984,1,,1649.570393600002,1649.570393600002,1660.662975999996,2,37,"accepted, waited, rewarded, and collected"
265,1660.6907263999954,80,3,1661.057766400002,1661.192230399996,1,,0,1661.5932544,,1661.5932544,1661.7918079999984,2,37,animal accepted but quit before outcome revealed
266,1661.815603199996,80,4,1662.1176832000017,1662.180979199998,1,1665.363136,1,,1666.640358400002,1666.640358400002,1679.2363904,2,37,"accepted, waited, rewarded, and collected"
267,1679.237094399996,20,1,1679.5693183999956,1679.6695679999962,1,,0,1680.0033407999947,,1680.0033407999947,1680.5394175999984,3,37,animal accepted but quit before outcome revealed
268,1680.5517823999971,100,2,1680.985702399999,1681.0851455999984,1,1682.2319103999957,1,,1683.3530367999972,1683.3530367999972,1689.9229952000007,3,37,"accepted, waited, rewarded, and collected"
269,1689.9233407999948,80,3,1690.255782399997,1690.5564671999962,0,,0,,,1690.5564671999962,1690.5564671999962,3,37,entered T junction then rejected and moved on
270,1690.614054399997,20,4,1690.9496704000012,1691.1152767999993,1,,0,1691.383308799997,,1691.383308799997,1691.383308799997,3,37,animal accepted but quit but quit wasnot timestamped
271,1691.386291199997,100,1,1691.7175935999974,1691.8495872000008,1,1692.9521023999973,1,,1694.0896000000014,1694.0896000000014,1701.7963263999968,4,37,"accepted, waited, rewarded, and collected"
272,1701.8436607999952,20,2,1702.2409215999992,1702.3417471999974,1,,0,1703.2632448000013,,1703.2632448000013,1707.7472895999997,4,37,animal accepted but quit but quit wasnot timestamped
273,,,1,,,0,,0,,,,1706.8016128000022,0,38,
274,1708.0448896000012,20,3,1708.379942400001,1708.6099583999962,0,,0,,,1708.6099583999962,1708.6099583999962,0,39,entered T junction then rejected and moved on
275,1708.6343423999995,100,4,1708.968,1709.0350335999951,1,,0,1710.035212799996,,1710.035212799996,1710.1722111999989,0,39,animal accepted but quit before outcome revealed
276,1710.1727615999953,100,1,1710.5046400000006,1710.6051840000005,1,1711.7159296000004,1,,1712.797785599999,1712.797785599999,1717.3480319999978,1,39,"accepted, waited, rewarded, and collected"
277,1717.3624831999987,100,2,1717.759820799999,1717.8932607999966,1,1718.9948288000003,1,,1720.2120960000009,1720.2120960000009,1726.9035903999954,1,39,"accepted, waited, rewarded, and collected"
278,1726.9041535999997,0,3,1727.299583999999,1727.5674623999969,0,,0,,,1727.5674623999969,1727.5674623999969,1,39,entered T junction then rejected and moved on
279,1727.6238975999952,80,4,1727.9572991999985,1728.0925311999993,1,,0,1728.5577087999955,,1728.5577087999955,1728.861132799998,1,39,animal accepted but quit before outcome revealed
280,1728.8617343999967,80,1,1729.195097599998,1729.295603199996,1,,0,1729.9622655999958,,1729.9622655999958,1730.4940287999957,2,39,animal accepted but quit before outcome revealed
281,1730.5081983999983,0,2,1730.9746943999976,1731.4037760000006,0,,0,,,1731.4037760000006,1731.4037760000006,2,39,entered T junction then rejected and moved on
282,1731.4043519999982,80,3,1732.0029055999964,1734.4762496000008,1,,0,1734.4772351999954,,1734.4772351999954,1734.4772351999954,2,39,animal accepted but quit but quit wasnot timestamped
283,1734.5354367999955,100,4,1734.8985088,1734.965695999995,1,1736.2381440000013,1,,,1736.4381823999956,1737.872383999996,2,39,rewarded but pellet not taken
284,1737.872921599999,20,1,1738.3042687999978,1738.4443647999988,1,,0,1739.2063999999984,,1739.2063999999984,1740.3401983999981,3,39,animal accepted but quit before outcome revealed
285,1740.5189120000005,0,2,1740.9516799999997,1741.381427199997,0,,0,,,1741.381427199997,1741.381427199997,3,39,entered T junction then rejected and moved on
286,1741.381900799997,0,3,1741.6812544,1741.955545599997,0,,0,,,1741.955545599997,1741.955545599997,3,39,entered T junction then rejected and moved on
287,1741.9780223999992,0,4,1742.2388863999993,1742.377036799997,1,,0,1742.7396352000012,,1742.7396352000012,1743.0095872000009,3,39,animal accepted but quit before outcome revealed
288,1743.0106752000004,0,1,1743.3455872000009,1743.4430591999962,1,,0,1745.6119807999953,,1745.6119807999953,1745.6119807999953,4,39,animal accepted but quit before outcome revealed
289,1745.7926400000006,20,2,1746.1243007999956,1746.4587903999984,0,,0,,,1746.4587903999984,1746.4587903999984,4,39,entered T junction then rejected and moved on
290,1746.4870143999979,20,3,1746.821824000001,1747.0557951999976,0,,0,,,1747.0557951999976,1747.0557951999976,4,39,entered T junction then rejected and moved on
291,1747.1116287999973,0,4,1747.4134655999987,1747.5129087999985,1,,0,1748.2473856000006,,1748.2473856000006,1785.6684927999972,4,39,animal accepted but quit but quit wasnot timestamped
292,1748.2509311999977,100,1,1748.6165375999958,1748.7486335999965,1,1749.8529663999975,1,,1750.8733183999955,1750.8733183999955,1763.000051199995,5,39,"accepted, waited, rewarded, and collected"
293,1763.113484799996,100,2,1763.5107584000007,1763.6116480000019,1,1764.7141631999984,1,,1765.7473535999954,1765.7473535999954,1774.0136832000017,5,39,"accepted, waited, rewarded, and collected"
294,,,1,,,0,,0,,,,1784.2883071999997,0,40,
295,1801.884031999998,0,3,1792.1047295999974,1802.6507903999984,0,,0,,,1802.6507903999984,1802.6507903999984,0,41,entered T junction then rejected and moved on
296,,,2,,,0,,0,,,,1799.4187903999984,0,42,
297,1802.7086591999978,20,4,1803.0405375999958,1803.2776063999981,1,,0,1803.649779199995,,1803.649779199995,1803.649779199995,0,43,animal accepted but quit but quit wasnot timestamped
298,1803.6510847999975,80,1,1803.9124351999983,1804.044748800002,1,1807.147251199998,1,,1808.599308799997,1808.599308799997,1814.222592,1,43,"accepted, waited, rewarded, and collected"
299,1814.235942400001,100,2,1814.6363647999988,1814.7373567999973,1,1815.8387840000019,1,,1816.8371071999968,1816.8371071999968,1833.6265088,1,43,"accepted, waited, rewarded, and collected"
300,1834.0918911999986,0,3,1834.3904255999996,1834.621132799998,0,,0,,,1834.621132799998,1834.621132799998,1,43,entered T junction then rejected and moved on
301,1834.6466559999958,100,4,1834.9457408000007,1835.1769856000021,1,1836.3786111999973,1,,1838.716620799996,1838.716620799996,1845.9555583999977,1,43,"accepted, waited, rewarded, and collected"
302,1846.1588607999981,20,1,1846.6256895999984,1846.7592959999963,1,,0,1848.4304768000022,,1848.4304768000022,1848.6284032000005,2,43,animal accepted but quit before outcome revealed
303,1848.6420223999992,80,2,1849.009139200002,1849.1094783999995,1,1852.2582400000022,0,,,1852.2582400000022,1861.259699199997,2,43,"accepted, waited, no-reward"
304,1861.7563007999956,20,3,1862.7203200000004,1863.0577791999951,0,,0,,,1863.0577791999951,1863.0577791999951,2,43,entered T junction then rejected and moved on
305,1863.116121600002,100,4,1863.4771071999967,1863.545523199998,1,1864.677670400001,1,,1865.7151488000006,1865.7151488000006,1869.888703999996,2,43,"accepted, waited, rewarded, and collected"
306,1869.889523199998,20,1,1870.2193919999972,1870.3215103999971,1,,0,1873.663487999998,,1873.663487999998,1873.9622016000003,3,43,animal accepted but quit before outcome revealed
307,1874.0100095999985,80,2,1874.3709952000006,1874.5043328000008,1,1877.6102016000002,0,,,1877.6102016000002,1881.240409599997,3,43,"accepted, waited, no-reward"
308,1881.2407039999962,0,3,1881.5404032000006,1881.8086528000013,0,,0,,,1881.8086528000013,1881.8086528000013,3,43,entered T junction then rejected and moved on
309,1881.8306559999958,20,4,1882.0976255999954,1882.1684992000014,1,,0,1882.8021503999978,,1882.8021503999978,1882.8021503999978,3,43,animal accepted but quit but quit wasnot timestamped
310,1882.804620799996,80,1,1883.0688511999995,1883.1699711999968,1,,0,1884.670451200001,,1884.670451200001,1884.971660799995,4,43,animal accepted but quit before outcome revealed
311,1885.0184959999992,20,2,1885.4179583999962,1885.8813183999955,0,,0,,,1885.8813183999955,1885.8813183999955,4,43,entered T junction then rejected and moved on
312,1885.8822527999953,0,3,1886.1804927999974,1886.4128511999995,1,,0,1889.3490815999955,,1889.3490815999955,1906.0685439999997,4,43,animal accepted but quit before outcome revealed
313,1906.3265535999983,20,4,1906.9583104000017,1907.0271871999948,1,,0,1908.5716735999956,,1908.5716735999956,1912.9030143999978,4,43,animal accepted but quit before outcome revealed
314,1911.001766400002,0,1,1911.2659200000019,1911.3683071999997,1,,0,1911.5693567999974,,1911.5693567999974,1912.5312767999992,5,43,animal accepted but quit before outcome revealed
315,,,3,,,0,,0,,,,1949.2843775999993,0,44,
316,,,4,,,0,,0,,,,1951.1082239999994,0,44,
317,,,1,,,0,,0,,,,1953.9480832000002,0,44,
318,1954.229094399996,100,2,1954.9304575999975,1955.0308095999956,1,1956.1661568000018,1,,1957.3465216000006,1957.3465216000006,1969.415257600002,0,45,"accepted, waited, rewarded, and collected"
319,1972.685542399995,100,3,1973.1142527999953,1973.615257600002,0,,0,,,1973.615257600002,1973.615257600002,0,45,entered T junction then rejected and moved on
320,1973.6147327999995,0,4,1973.9365503999963,1974.2741375999972,0,,0,,,1974.2741375999972,1974.2741375999972,0,45,entered T junction then rejected and moved on
321,1974.278502399996,100,1,1974.7713280000016,1974.8746367999986,1,1975.9734527999983,1,,1977.1486591999978,1977.1486591999978,1988.9900159999952,1,45,"accepted, waited, rewarded, and collected"
322,1989.1366911999955,80,2,1989.5033343999983,1989.638054399997,1,,0,1990.0664959999992,,1990.0664959999992,1990.0664959999992,1,45,animal accepted but quit but quit wasnot timestamped
323,1990.0671999999956,0,3,1990.3672831999957,1990.5651840000003,0,,0,,,1990.5651840000003,1990.5651840000003,1,45,entered T junction then rejected and moved on
324,1990.6201088000014,100,4,1990.9556991999968,1991.022207999997,1,1992.172620799996,1,,,1992.491251199998,1994.127078400001,1,45,rewarded but pellet not taken
325,1994.1275775999948,0,1,1994.4972544,1994.5962111999988,1,,0,1995.6634751999975,,1995.6634751999975,2006.7422976000012,2,45,animal accepted but quit before outcome revealed
326,2006.8893439999968,80,2,2007.3629311999978,2007.5223039999976,1,,0,2007.6573311999962,,2007.6573311999962,2007.6573311999962,2,45,animal accepted but quit but quit wasnot timestamped
327,2007.6865920000002,20,3,2007.9855487999992,2008.2892031999975,0,,0,,,2008.2892031999975,2008.2892031999975,2,45,entered T junction then rejected and moved on
328,2008.3196543999984,20,4,2008.6395903999955,2008.7068799999952,1,,0,2009.3097727999984,,2009.3097727999984,2009.3097727999984,2,45,animal accepted but quit but quit wasnot timestamped
329,2009.313190399997,20,1,2009.616230399996,2009.7139583999963,1,,0,2011.246169599995,,2011.246169599995,2050.1903743999974,3,45,animal accepted but quit before outcome revealed
330,,,4,,,0,,0,,,,2049.1887360000014,0,46,
331,2050.909311999999,0,2,2051.881459199995,2052.0431999999955,1,,0,2055.610790399998,,2055.610790399998,2058.415308799997,0,47,animal accepted but quit before outcome revealed
332,2058.4443904,80,3,2058.9094912,2059.0443904,1,2062.1940480000003,0,,,2062.1940480000003,2062.9843839999958,0,47,"accepted, waited, no-reward"
333,2063.041228799999,80,4,2063.4017280000003,2063.468633599997,1,,0,2066.0712192,,2066.0712192,2066.177446400002,0,47,animal accepted but quit before outcome revealed
334,2066.1781631999984,80,1,2066.448051199995,2066.5805568000005,1,2069.663411200002,1,,2070.836723200001,2070.836723200001,2075.788211199999,1,47,"accepted, waited, rewarded, and collected"
335,2075.836441599995,20,2,2076.2363391999975,2076.335577599995,1,2081.4789631999956,0,,,2081.4789631999956,2084.676287999995,1,47,"accepted, waited, no-reward"
336,2084.6768768000006,100,3,2085.005849600002,2085.139097599998,1,2086.3102719999997,1,,2087.3899648,2087.3899648,2093.819391999997,1,47,"accepted, waited, rewarded, and collected"
337,2093.8741887999995,0,4,2094.2370560000018,2094.604979199998,0,,0,,,2094.604979199998,2094.604979199998,1,47,entered T junction then rejected and moved on
338,2094.6089343999997,20,1,2094.941094399996,2095.042368000001,1,,0,2099.3166335999967,,2099.3166335999967,2099.654015999995,2,47,animal accepted but quit before outcome revealed
339,2099.6730623999983,80,2,2100.0944640000016,2100.2297471999973,1,2103.3463167999985,1,,2104.365273599997,2104.365273599997,2110.8082815999983,2,47,"accepted, waited, rewarded, and collected"
340,2111.036211199999,20,3,2111.3408896000014,2111.6395903999955,0,,0,,,2111.6395903999955,2111.6395903999955,2,47,entered T junction then rejected and moved on
341,2111.6937343999966,20,4,2112.0231167999955,2112.1574143999965,1,,0,2112.564262400001,,2112.564262400001,2112.564262400001,2,47,animal accepted but quit but quit wasnot timestamped
342,2112.565465599999,80,1,2112.9013247999997,2112.994803199999,1,2116.1097471999974,1,,2117.1912192,2117.1912192,2131.245785599999,3,47,"accepted, waited, rewarded, and collected"
343,,,4,,,0,,0,,,,2151.902259199999,0,48,
344,,,1,,,0,,0,,,,2153.5090560000017,0,48,
345,2153.9924095999972,0,2,2154.531212799996,2154.6594560000003,1,,0,2155.487014399998,,2155.487014399998,2155.487014399998,0,49,animal accepted but quit but quit wasnot timestamped
346,2155.487513599999,0,3,2155.821004799999,2156.154214400001,0,,0,,,2156.154214400001,2156.154214400001,0,49,entered T junction then rejected and moved on
347,2156.1833215999977,100,4,2156.5065216000007,2156.5734527999984,1,2157.751872000001,1,,,2159.8148351999967,2164.2172672000006,0,49,rewarded but pellet not taken
348,2159.8838271999957,0,1,2160.1523711999953,2160.252287999995,1,,0,2160.6164992000013,,2160.6164992000013,2161.8464895999955,1,49,animal accepted but quit before outcome revealed
349,,,3,,,0,,0,,,,2195.3690879999995,0,50,
350,,,4,,,0,,0,,,,2194.1840256000014,0,50,
351,2199.9425151999967,0,2,2197.1387263999954,2200.810086399995,0,,0,,,2200.810086399995,2200.810086399995,0,51,entered T junction then rejected and moved on
352,,,1,,,0,,0,,,,2199.942540799998,0,52,
353,2200.8388479999976,80,3,2201.205068799995,2201.3046272,1,2204.4161535999997,1,,2206.9013247999997,2206.9013247999997,2221.264115199998,0,53,"accepted, waited, rewarded, and collected"
354,2221.317094399996,20,4,2221.650214400001,2221.7160704,1,2226.901542399995,0,,,2226.901542399995,2234.3986943999976,0,53,"accepted, waited, no-reward"
355,2228.3297791999953,20,1,2228.693350400001,2228.893427199997,1,,0,2229.294860799998,,2229.294860799998,2251.2113791999964,1,53,animal accepted but quit before outcome revealed
356,2251.2113024000005,100,2,2251.569843199998,2251.638796799995,1,2252.771251199998,1,,2253.915391999997,2253.915391999997,2263.3524864000005,1,53,"accepted, waited, rewarded, and collected"
357,2263.384985600002,100,3,2263.6464256,2263.781824000001,1,2264.883391999997,1,,2266.114803199999,2266.114803199999,2280.197619199999,1,53,"accepted, waited, rewarded, and collected"
358,2280.216742399998,0,4,2280.9140480000005,2284.655807999998,1,,0,2299.668902400002,,2299.668902400002,2341.5158783999977,1,53,animal accepted but quit before outcome revealed
359,,,3,,,0,,0,,,,2356.1828223999964,0,54,
360,,,4,,,0,,0,,,,2354.1640191999973,0,54,
361,,,3,,,0,,0,,,,2368.696115199998,0,54,
362,,,4,,,0,,0,,,,2369.9148416000007,0,54,
363,2370.2898687999996,80,1,2370.5557119999976,2370.6876159999965,1,,0,2370.921228799999,,2370.921228799999,2375.682483199999,0,55,animal accepted but quit before outcome revealed
364,,,2,2376.143385600001,2376.209049599998,1,2379.349376000002,1,,2380.4195327999964,2380.4195327999964,2393.629542399995,0,55,"offer tone timestamp missing, pellet taken, choice = restaurant entry timestamp"
365,2394.3588479999976,0,3,2394.7927295999975,2394.9261055999996,1,,0,2395.8934015999957,,2395.8934015999957,2397.1964671999963,0,55,animal accepted but quit before outcome revealed
366,2397.4134143999963,80,4,2397.813529600002,2397.913689599998,1,2401.3297151999996,1,,,2403.1555327999963,2403.2586623999996,0,55,rewarded but pellet not taken
367,2403.2591488000007,80,1,2403.560217599995,2403.6610560000017,1,2406.767398400001,1,,2407.8935040000006,2407.8935040000006,2412.939673599996,1,55,"accepted, waited, rewarded, and collected"
368,2412.989824000001,20,2,2413.3848064000013,2413.4852991999983,1,,0,2417.2567551999987,,2417.2567551999987,2420.594252799995,1,55,animal accepted but quit before outcome revealed
369,2420.5948288000004,0,3,2421.3220991999956,2421.9897471999975,1,,0,2424.4649087999983,,2424.4649087999983,2430.9018112000003,1,55,animal accepted but quit before outcome revealed
370,2431.087756799996,0,4,2431.7537151999995,2431.921702399999,1,,0,2432.955033599995,,2432.955033599995,2443.3663615999967,1,55,animal accepted but quit before outcome revealed
371,2444.439347199999,100,1,2444.8719487999974,2444.9716991999967,1,2446.078886399999,1,,2447.1695615999997,2447.1695615999997,2454.8180480000005,2,55,"accepted, waited, rewarded, and collected"
372,2454.8682239999994,20,2,2455.2326143999994,2455.366451200001,1,,0,2457.2053376000003,,2457.2053376000003,2457.7984895999953,2,55,animal accepted but quit before outcome revealed
373,2457.798796799995,100,3,2458.1322496000007,2458.2653183999955,1,,0,2459.1995007999985,,2459.1995007999985,2459.366860799998,2,55,animal accepted but quit before outcome revealed
374,2459.417663999997,20,4,2459.7163775999993,2459.784831999995,1,,0,2460.3198720000014,,2460.3198720000014,2460.6235263999997,2,55,animal accepted but quit before outcome revealed
375,2460.623987199999,20,1,2460.924351999998,2461.0240639999956,1,,0,2462.2258559999987,,2462.2258559999987,2462.659545599997,3,55,animal accepted but quit before outcome revealed
376,2462.708646399997,100,2,2463.108211199999,2463.2085503999965,1,2464.3558271999955,1,,2465.7220736000017,2465.7220736000017,2476.1522047999947,3,55,"accepted, waited, rewarded, and collected"
377,2476.1526911999954,80,3,2476.5207936000006,2476.788326399997,1,,0,2478.8214912,,2478.8214912,2481.3590784000007,3,55,animal accepted but quit before outcome revealed
378,2481.5461503999977,80,4,2481.841907200001,2481.9085311999993,1,2485.214566399999,1,,,2486.4804864000007,2486.553638399996,3,55,rewarded but pellet not taken
379,2486.5541631999986,20,1,2486.824089599997,2486.924505599998,1,2492.035251199998,0,,,2492.035251199998,2494.161484799996,4,55,"accepted, waited, no-reward"
380,2494.177855999999,0,2,2494.546867200002,2494.680294399999,1,,0,2496.2001023999974,,2496.2001023999974,2496.2001023999974,4,55,animal accepted but quit but quit wasnot timestamped
381,,,1,,,0,,0,,,,2509.0127743999956,0,56,
382,,,2,,,0,,0,,,,2510.5638655999974,0,56,
383,2510.659724799998,100,3,2510.8919167999998,2511.028569600001,1,,0,2511.3590143999977,,2511.3590143999977,2511.593395199999,0,57,animal accepted but quit before outcome revealed
384,2511.609843199998,20,4,2511.975564800002,2512.0781184,1,,0,2512.743257600002,,2512.743257600002,2513.050291199997,0,57,animal accepted but quit before outcome revealed
385,2513.050764799997,80,1,2513.3835903999952,2513.4847871999964,1,2516.6308095999957,1,,2517.676569600001,2517.676569600001,2531.8383743999975,1,57,"accepted, waited, rewarded, and collected"
386,2531.853875199996,0,2,2532.2894208000002,2532.5916159999965,0,,0,,,2532.5916159999965,2532.5916159999965,1,57,entered T junction then rejected and moved on
387,2532.6186752000003,0,3,2532.884646399997,2535.0524799999966,1,,0,2535.519820799999,,2535.519820799999,2541.428902400002,1,57,animal accepted but quit before outcome revealed
388,2542.280652800001,20,4,2562.5018112000002,2562.5018112000002,0,,0,,,2562.5018112000002,2562.5018112000002,1,57,entered T junction but never entered restaurant
389,,,3,,,0,,0,,,,2561.5829120000003,0,58,
390,2566.010892799996,20,1,2577.6564864000006,2577.8231423999964,1,,0,2584.831603199996,,2584.831603199996,2585.368716799997,0,59,animal accepted but quit before outcome revealed
391,,,4,,,0,,0,,,,2576.6823423999995,0,60,
392,2588.320665600002,0,2,2594.360230399996,2595.627366399996,1,2603.104998399995,0,,,2603.104998399995,2616.956646399997,0,61,"accepted, waited, no-reward"
393,,,1,,,0,,0,,,,2621.6451840000004,0,62,
394,,,2,,,0,,0,,,,2631.1682431999966,0,62,
395,2631.398937600002,100,3,2631.7967104000004,2631.931110399999,1,2633.0638720000015,1,,,2638.7435392000007,2641.7421951999963,0,63,rewarded but pellet not taken
396,2642.491686399996,100,4,2643.2240895999967,2643.3582463999987,1,,0,2644.559897599995,,2644.559897599995,2644.559897599995,0,63,animal accepted but quit but quit wasnot timestamped
397,2644.5667712000013,0,1,2644.901875199996,2645.0371840000003,1,,0,2652.110489599995,,2652.110489599995,2661.218483199999,1,63,animal accepted but quit before outcome revealed
398,2661.935475199997,80,2,2662.6360832,2662.7357184000016,1,2665.875724799998,1,,2667.0298368000017,2667.0298368000017,2695.373542399995,1,63,"accepted, waited, rewarded, and collected"
399,2695.3744384,80,3,2695.7414783999993,2696.9380095999986,0,,0,,,2696.9380095999986,2696.9380095999986,1,63,entered T junction then rejected and moved on
400,2696.9532415999993,20,4,2697.2853247999997,2697.4192896,1,2702.5640191999973,0,,,2702.5640191999973,2703.400678399995,1,63,"accepted, waited, no-reward"
401,2703.401177599996,20,1,2703.7058047999963,2703.800742399998,1,,0,2704.567552000001,,2704.567552000001,2705.138431999996,2,63,animal accepted but quit before outcome revealed
402,2705.152665600002,100,2,2705.552332800001,2705.6514431999994,1,2706.7946752000003,1,,2707.9278335999998,2707.9278335999998,2722.7384959999995,2,63,"accepted, waited, rewarded, and collected"
403,2722.866995200001,0,3,2723.700620799996,2723.8345088,1,,0,2724.7039615999984,,2724.7039615999984,2750.600998399995,2,63,animal accepted but quit before outcome revealed
404,,,2,,,0,,0,,,,2764.852096000001,0,64,
405,2768.366732799999,80,4,2769.401958399996,2769.9359487999977,1,,0,2771.8413567999974,,2771.8413567999974,2773.7386367999984,0,65,animal accepted but quit before outcome revealed
406,2773.9808511999995,100,1,2774.3478016000017,2774.4481023999974,1,2775.5900671999975,1,,2776.6566911999957,2776.6566911999957,2783.5916415999977,1,65,"accepted, waited, rewarded, and collected"
407,2783.6085759999974,0,2,2783.9747327999994,2784.0761855999976,1,,0,2784.875430399999,,2784.875430399999,2785.805465599999,1,65,animal accepted but quit before outcome revealed
408,2785.8057727999985,80,3,2786.1402752000017,2786.3051008,1,,0,2786.774412799999,,2786.774412799999,2787.1095296000017,1,65,animal accepted but quit before outcome revealed
409,2787.1259135999976,20,4,2787.4543359999957,2787.554175999999,1,2793.1695744000003,0,,,2793.1695744000003,2799.670553599998,1,65,"accepted, waited, no-reward"
410,2801.278233599998,80,1,2801.580620799996,2801.681062399998,1,2804.8479231999963,0,,,2804.8479231999963,2807.5187584000005,2,65,"accepted, waited, no-reward"
411,2807.536063999996,20,2,2807.902387199998,2807.968716799997,1,,0,2808.6395392000004,,2808.6395392000004,2841.874688000001,2,65,animal accepted but quit before outcome revealed
412,2843.0046591999976,100,3,2843.305433600001,2843.4747775999977,1,2844.5720319999978,1,,,2847.007859200001,2852.648332800001,2,65,rewarded but pellet not taken
413,2852.832,100,4,2853.129587200001,2853.195276799999,1,,0,2853.9295744,,2853.9295744,2855.4731008000003,2,65,animal accepted but quit before outcome revealed
414,2855.4735359999986,20,1,2855.7731327999977,2855.8731008,1,,0,2860.945766400002,,2860.945766400002,2861.416179200001,3,65,animal accepted but quit before outcome revealed
415,2861.435020800002,20,2,2861.8303999999985,2861.9648511999994,1,,0,2862.567129599996,,2862.567129599996,2863.5016447999997,3,65,animal accepted but quit before outcome revealed
416,2863.5021184,100,3,2863.828147199996,2863.9612415999995,1,2865.1287936000003,1,,2873.3146367999984,2873.3146367999984,2896.699430399999,3,65,"accepted, waited, rewarded, and collected"
417,2898.6854015999957,80,4,2899.516531199999,2900.4885759999975,1,,0,2902.1185279999972,,2902.1185279999972,2903.3657343999967,3,65,animal accepted but quit before outcome revealed
418,2903.366604800001,80,1,2903.630207999997,2903.7641599999965,1,2906.866739199996,0,,,2906.866739199996,2908.134476800002,4,65,"accepted, waited, no-reward"
419,2908.184742399998,20,2,2908.5168511999996,2908.6506752000005,1,,0,2908.9851136000007,,2908.9851136000007,2908.9851136000007,4,65,animal accepted but quit but quit wasnot timestamped
420,2909.0137087999956,100,3,2909.312678399995,2909.4798720000013,1,2910.627238399997,1,,2911.9719167999997,2911.9719167999997,2926.9667327999996,4,65,"accepted, waited, rewarded, and collected"
421,2927.0131711999998,100,4,2927.351859200001,2927.447577599995,1,,0,2927.6886143999996,,2927.6886143999996,2956.745331199996,4,65,animal accepted but quit before outcome revealed
422,2931.0345472000017,100,1,2931.3623936000017,2931.4607232000008,1,2932.5941247999967,1,,2933.6377087999954,2933.6377087999954,2946.1118464,5,65,"accepted, waited, rewarded, and collected"
423,2946.294054399997,0,2,2946.7261184,2948.346214400001,0,,0,,,2948.346214400001,2964.1759487999975,5,65,entered T junction then rejected and moved on
424,,,1,,,0,,0,,,,2953.8511744000016,0,66,
425,2964.1756543999986,0,3,2959.703628799997,2965.8099839999973,1,,0,2967.679359999999,,2967.679359999999,2970.452211199999,0,67,animal accepted but quit before outcome revealed
426,2970.663014399998,80,4,2971.0630271999985,2971.165196800001,1,,0,2972.1298944000005,,2972.1298944000005,2972.4395007999988,0,67,animal accepted but quit before outcome revealed
427,2972.440127999999,100,1,2972.740134399995,2972.873408,1,2973.9814143999965,1,,2975.1460863999946,2975.1460863999946,3001.205606399998,1,67,"accepted, waited, rewarded, and collected"
428,,,4,,,0,,0,,,,3032.435699199997,0,68,
429,,,1,,,0,,0,,,,3034.178111999996,0,68,
430,3034.596991999999,100,2,3035.0644223999975,3035.2007936000005,1,3036.2990591999965,1,,3037.3862527999954,3037.3862527999954,3124.863884800002,0,69,"accepted, waited, rewarded, and collected"
431,3124.927577599995,20,3,3126.292953599997,3126.426956799999,1,,0,3127.7622272000017,,3127.7622272000017,3132.501785599999,0,69,animal accepted but quit before outcome revealed
432,3132.7154175999985,0,4,3133.0811775999964,3133.152255999997,1,,0,3133.7563775999993,,3133.7563775999993,3133.7563775999993,0,69,animal accepted but quit but quit wasnot timestamped
433,3133.7570943999963,80,1,3134.0961536,3134.227699199997,1,3137.363699199997,0,,,3137.363699199997,3146.070272,1,69,"accepted, waited, no-reward"
434,3146.1213311999963,100,2,3146.6877184000014,3146.7876096,1,3147.9628159999997,1,,3149.0165247999953,3149.0165247999953,3166.7817984,1,69,"accepted, waited, rewarded, and collected"
435,3166.906995200001,0,3,3167.3095807999966,3167.5805311999993,0,,0,,,3167.5805311999993,3167.5805311999993,1,69,entered T junction then rejected and moved on
436,3167.6219648,80,4,3167.924364799999,3168.0205568000006,1,3171.2744703999983,0,,,3171.2744703999983,3176.4427263999955,1,69,"accepted, waited, no-reward"
437,3176.4436735999957,100,1,3176.807257600002,3176.9107456,1,3178.006169599995,1,,3178.994124799997,3178.994124799997,3189.619814399995,2,69,"accepted, waited, rewarded, and collected"
438,3189.6376319999995,20,2,3190.179251199998,3190.311615999997,1,,0,3190.7088255999984,,3190.7088255999984,3191.4236287999975,2,69,animal accepted but quit before outcome revealed
439,,,1,,,0,,0,,,,3222.9572607999967,0,70,
440,,,2,,,0,,0,,,,3239.529484799996,0,70,
441,3240.5261312000007,100,3,3240.825523199998,3240.9590656000005,1,,0,3241.1935744,,3241.1935744,3241.5270656000002,0,71,animal accepted but quit before outcome revealed
442,3241.5708544000013,100,4,3241.9071103999986,3241.9704319999964,1,,0,3242.8399871999995,,3242.8399871999995,3244.6492672000004,0,71,animal accepted but quit before outcome revealed
443,3244.6496383999956,0,1,3244.9880447999985,3245.219468800001,1,,0,3245.6499455999956,,3245.6499455999956,3261.6353919999974,1,71,animal accepted but quit before outcome revealed
444,3261.9528831999974,100,2,3262.4197119999976,3262.5199231999964,1,3263.6652415999993,1,,3264.7512959999963,3264.7512959999963,3273.828799999997,1,71,"accepted, waited, rewarded, and collected"
445,3273.8291455999984,0,3,3274.1625727999954,3274.3291264000013,1,3281.4744575999975,0,,,3281.4744575999975,3292.6553215999975,1,71,"accepted, waited, no-reward"
446,3293.368268799998,100,4,3293.761459199995,3293.861222399995,1,,0,3294.295820799999,,3294.295820799999,3349.3906687999965,1,71,animal accepted but quit before outcome revealed
447,3349.4682752000017,20,1,3349.801151999995,3351.7054719999956,0,,0,,,3351.7054719999956,3351.7054719999956,2,71,entered T junction then rejected and moved on
448,3351.7237632,20,2,3366.538623999998,3366.6381312000008,1,,0,3375.3490815999953,,3375.3490815999953,3403.7154816000016,2,71,animal accepted but quit before outcome revealed
449,,,1,,,0,,0,,,,3364.9854208000006,0,72,
450,3404.146137599997,80,3,3404.6132351999954,3404.8831744000017,1,,0,3405.4493183999957,,3405.4493183999957,3405.587174400002,0,73,animal accepted but quit before outcome revealed
451,3405.629542399995,20,4,3405.956377599999,3406.056563199997,1,,0,3406.495283199996,,3406.495283199996,3406.8334719999953,0,73,animal accepted but quit before outcome revealed
452,3406.8338944000006,100,1,3407.204812799998,3407.3357439999954,1,3408.4397056000007,1,,3409.7461375999974,3409.7461375999974,3422.141747199997,1,73,"accepted, waited, rewarded, and collected"
453,,,4,,,0,,0,,,,3426.680895999998,0,74,
454,,,3,,,0,,0,,,,3460.0411136000007,0,74,
455,,,4,,,0,,0,,,,3469.5983615999967,0,74,
456,,,3,,,0,,0,,,,3486.9739391999988,0,74,
457,,,4,,,0,,0,,,,3489.3854079999996,0,74,
458,,,1,,,0,,0,,,,3490.887104000002,0,74,
459,3491.382144000001,20,2,3491.781158399999,3491.883507199995,1,,0,3495.0213632000014,,3495.0213632000014,3495.5226623999997,0,75,animal accepted but quit before outcome revealed
460,3496.8219648000004,0,3,3497.3516287999973,3497.4903039999976,1,,0,3499.3216000000016,,3499.3216000000016,3500.725350400001,0,75,animal accepted but quit before outcome revealed
461,,,2,,,0,,0,,,,3511.2784384,0,76,
462,,,3,,,0,,0,,,,3529.4903808000013,0,76,
463,3529.734950399995,0,4,3530.2333823999984,3530.3674112000017,1,,0,3530.6346624,,3530.6346624,3530.6346624,0,77,animal accepted but quit but quit wasnot timestamped
464,3530.680831999995,0,1,3531.0121599999966,3531.1131008,1,,0,3532.377151999995,,3532.377151999995,3533.973824000001,1,77,animal accepted but quit before outcome revealed
465,,,4,,,0,,0,,,,3553.158003200002,0,78,
466,,,1,,,0,,0,,,,3557.9748223999964,0,78,
467,,,4,,,0,,0,,,,3568.0075903999955,0,78,
468,,,1,,,0,,0,,,,3577.4618112000003,0,78,
469,3577.579635200001,0,2,3577.9854591999947,3578.0833535999955,1,,0,3578.6462848000006,,3578.6462848000006,3578.6462848000006,0,79,animal accepted but quit but quit wasnot timestamped
470,3578.6474495999964,80,3,3578.9157247999983,3579.014566399999,1,,0,3579.7439615999983,,3579.7439615999983,3579.878707199998,0,79,animal accepted but quit before outcome revealed
471,3579.9186943999975,0,4,3580.2183167999983,3580.2853247999997,1,,0,3580.9390591999963,,3580.9390591999963,3580.9390591999963,0,79,animal accepted but quit but quit wasnot timestamped
472,3580.969663999997,20,1,3581.2640895999966,3581.3669887999968,1,3586.4774912000003,0,,,3586.4774912000003,3590.5117439999954,1,79,"accepted, waited, no-reward"
473,3590.5387519999967,100,2,3590.9607551999984,3591.0614527999983,1,3592.196416000001,1,,3593.4640384000018,3593.4640384000018,3641.153958399996,1,79,"accepted, waited, rewarded, and collected"
474,3642.293721599996,100,3,3642.649804799996,3642.7827327999994,1,,0,3643.050547200002,,3643.050547200002,3643.4203391999977,1,79,animal accepted but quit before outcome revealed
475,3643.474598399997,0,4,3643.792447999999,3643.9267456000002,1,,0,3644.270975999996,,3644.270975999996,3644.270975999996,1,79,animal accepted but quit but quit wasnot timestamped
476,3644.271615999997,100,1,3644.644121600002,3644.7389439999984,1,3645.875814399995,1,,3647.0446975999994,3647.0446975999994,3729.6684160000013,2,79,"accepted, waited, rewarded, and collected"
477,,,4,,,0,,0,,,,3680.6682624000014,0,80,
478,3729.7248511999996,100,2,3730.0252544,3730.0883071999997,1,3731.322470399998,1,,3732.9822463999985,3732.9822463999985,3751.1973376,0,0,"accepted, waited, rewarded, and collected"
