,event_description,timestamp,event_code,restaurant,keyword
0,SHARP Entry R4,229.4443519999981,70,4,tentry
0,Quit R4,232.81378559999914,49,4,quit
0,R1 80% offer,233.08400639999658,19,1,80_offer
0,Reject R1,233.21507840000092,12,1,reject
0,SHARP Entry R1,233.51729919999838,61,1,tentry
0,SHARP Accept R1,233.7190527999997,62,1,enter
0,Enter R1,233.85049599999934,11,1,enter
0,SHARP Entry R1,237.62251519999654,61,1,tentry
0,SHARP Accept R1,237.68991999999434,62,1,enter
0,SHARP Entry R1,237.98977279999852,61,1,tentry
0,SHARP Accept R1,238.52208639999478,62,1,enter
0,SHARP Entry R1,238.62210559999943,61,1,tentry
0,SHARP Accept R1,245.4296704000011,62,1,enter
0,SHARP Entry R1,250.0029695999995,61,1,tentry
0,SHARP Accept R1,251.30435839999467,62,1,enter
0,Quit R1,252.97409279999883,13,1,quit
0,Reject R1,253.2340991999954,12,1,reject
0,R2 20% offer,253.24096000000088,30,2,20_offer
0,SHARP Entry R2,253.89730559999495,64,2,tentry
0,SHARP Accept R2,254.16391679999978,65,2,enter
0,SHARP Entry R2,254.5982719999999,64,2,tentry
0,Enter R2,254.6646400000006,23,2,enter
0,SHARP Accept R2,255.4989824000001,65,2,enter
0,R2 no-reward tone,259.7310591999963,27,2,noreward
0,SHARP Accept R2,264.70956799999624,65,2,enter
0,Quit R2,269.71587839999796,25,2,quit
0,SHARP Entry R2,270.3512448000014,64,2,tentry
0,Reject R2,271.1615231999978,24,2,reject
0,SHARP Entry R1,271.260684799999,61,1,tentry
0,SHARP Accept R1,271.4270463999957,62,1,enter
0,SHARP Entry R1,271.5936255999953,61,1,tentry
0,Enter R1,271.62713599999995,11,1,enter
0,SHARP Entry R1,271.7603200000003,61,1,tentry
0,SHARP Accept R1,310.9044351999983,62,1,enter
0,SHARP Entry R1,310.90447360000013,61,1,tentry
0,SHARP Accept R1,354.1207807999998,62,1,enter
0,SHARP Entry R1,354.2212991999984,61,1,tentry
0,Quit R1,355.32151039999724,13,1,quit
0,Reject R2,356.048,24,2,reject
0,SHARP Entry R2,358.4172287999988,64,2,tentry
0,SHARP Accept R2,358.61675519999864,65,2,enter
0,SHARP Entry R2,359.0171519999951,64,2,tentry
0,Enter R2,359.0173823999986,23,2,enter
0,SHARP Entry R2,359.3183743999973,64,2,tentry
0,SHARP Accept R2,362.95493119999765,65,2,enter
0,Quit R2,382.5111167999953,25,2,quit
0,SHARP Entry R2,382.5771647999957,64,2,tentry
0,SHARP Entry R1,383.4203647999987,61,1,tentry
0,SHARP Accept R1,383.55390720000116,62,1,enter
0,SHARP Entry R1,383.5539711999968,61,1,tentry
0,Enter R1,384.35523839999735,11,1,enter
0,SHARP Entry R1,384.7547775999978,61,1,tentry
0,SHARP Accept R1,386.0566528000012,62,1,enter
0,SHARP Entry R1,397.10522879999877,61,1,tentry
0,SHARP Accept R1,435.0121983999982,62,1,enter
0,SHARP Entry R1,435.7794816000015,61,1,tentry
0,Quit R1,436.6820223999992,13,1,quit
0,SHARP Entry R2,438.4743552000001,64,2,tentry
0,SHARP Accept R2,438.70877439999583,65,2,enter
0,SHARP Entry R2,439.1081855999976,64,2,tentry
0,Enter R2,439.1420287999958,23,2,enter
0,SHARP Entry R2,439.1776895999983,64,2,tentry
0,SHARP Accept R2,440.87778559999913,65,2,enter
0,SHARP Entry R2,486.7629824000001,64,2,tentry
0,Quit R2,486.86273279999943,25,2,quit
0,SHARP Accept R1,488.03978239999714,62,1,enter
0,Enter R1,488.24023039999605,11,1,enter
0,SHARP Accept R1,498.5178240000009,62,1,enter
0,SHARP Entry R1,500.6210687999949,61,1,tentry
0,Quit R1,500.7546752000004,13,1,quit
0,SHARP Accept R1,501.8216063999981,62,1,enter
0,SHARP Accept R4,503.61985279999675,71,4,enter
0,Enter R4,503.88783359999957,47,4,enter
0,SHARP Accept R4,512.7643775999993,71,4,enter
0,Quit R4,515.4014847999961,49,4,quit
0,SHARP Entry R1,516.0717567999959,61,1,tentry
0,SHARP Accept R1,516.4720767999962,62,1,enter
0,Enter R1,516.771942400001,11,1,enter
0,SHARP Entry R1,516.9730432000011,61,1,tentry
0,SHARP Accept R1,517.6395520000011,62,1,enter
0,SHARP Entry R1,517.673484799996,61,1,tentry
0,SHARP Accept R1,531.3556224000007,62,1,enter
0,Quit R1,531.722739199996,13,1,quit
0,SHARP Entry R2,532.6149631999955,64,2,tentry
0,SHARP Accept R2,532.8832767999992,65,2,enter
0,Enter R2,533.3171327999979,23,2,enter
0,SHARP Entry R2,533.4822527999952,64,2,tentry
0,SHARP Accept R2,534.4841215999946,65,2,enter
0,Quit R2,578.0339583999962,25,2,quit
0,SHARP Entry R2,578.1005951999947,64,2,tentry
0,SHARP Entry R1,579.0101631999985,61,1,tentry
0,SHARP Accept R1,579.1435135999992,62,1,enter
0,SHARP Entry R1,579.2097663999945,61,1,tentry
0,Enter R1,579.5454975999967,11,1,enter
0,SHARP Entry R1,580.2113791999966,61,1,tentry
0,SHARP Accept R1,581.8803839999958,62,1,enter
0,SHARP Entry R1,583.1482239999995,61,1,tentry
0,SHARP Accept R1,588.3879296000003,62,1,enter
0,SHARP Entry R1,589.2544767999947,61,1,tentry
0,SHARP Accept R1,599.668505599998,62,1,enter
0,SHARP Entry R1,601.6023935999945,61,1,tentry
0,SHARP Accept R1,689.5024512000009,62,1,enter
0,SHARP Entry R1,689.6029055999965,61,1,tentry
0,Quit R1,689.9361920000017,13,1,quit
0,SHARP Accept R4,691.4322943999991,71,4,enter
0,Enter R4,691.6997119999975,47,4,enter
0,SHARP Accept R4,702.4792063999996,71,4,enter
0,Quit R4,706.8183680000008,49,4,quit
0,SHARP Entry R4,722.5010815999955,70,4,tentry
0,SHARP Entry R3,724.5383039999977,67,3,tentry
0,SHARP Accept R3,724.804684799999,68,3,enter
0,Enter R3,725.0387456,35,3,enter
0,SHARP Accept R3,730.3808896000013,68,3,enter
0,SHARP Entry R3,748.0317184000015,67,3,tentry
0,SHARP Accept R3,752.6028288000002,68,3,enter
0,SHARP Entry R3,752.6028927999959,67,3,tentry
0,Quit R3,753.1059327999949,37,3,quit
0,SHARP Accept R2,754.2685568000004,65,2,enter
0,Enter R2,754.5018751999959,23,2,enter
0,SHARP Accept R2,757.8395903999955,65,2,enter
0,Quit R2,926.3645824000016,25,2,quit
0,SHARP Entry R2,926.3988991999998,64,2,tentry
0,SHARP Entry R1,927.2736127999947,61,1,tentry
0,SHARP Accept R1,927.741759999998,62,1,enter
0,SHARP Entry R1,927.8419072000012,61,1,tentry
0,Enter R1,928.0754047999978,11,1,enter
0,SHARP Entry R1,928.3420287999958,61,1,tentry
0,SHARP Accept R1,1028.1218431999982,62,1,enter
0,SHARP Entry R1,1055.486566399999,61,1,tentry
0,SHARP Accept R1,1116.8914047999979,62,1,enter
0,Quit R1,1117.190502399996,13,1,quit
0,SHARP Entry R2,1117.9160447999984,64,2,tentry
0,SHARP Accept R2,1118.1830527999998,65,2,enter
0,Enter R2,1118.4508671999947,23,2,enter
0,SHARP Accept R2,1119.2172927999943,65,2,enter
0,Quit R2,1144.113663999997,25,2,quit
0,R3 0% offer,1144.3646719999983,41,3,0_offer
0,SHARP Entry R3,1144.7493632000014,67,3,tentry
0,SHARP Accept R3,1145.0832895999997,68,3,enter
0,Enter R3,1145.350015999995,35,3,enter
0,SHARP Entry R3,1145.818022399999,67,3,tentry
0,R3 no-reward tone,1152.4020863999947,39,3,noreward
0,SHARP Accept R3,1154.461542399995,68,3,enter
0,Quit R3,1154.8276735999957,37,3,quit
0,Reject R3,1155.095487999998,36,3,reject
0,R4 20% offer,1155.2644736000002,54,4,20_offer
0,SHARP Entry R4,1155.9575040000007,70,4,tentry
0,SHARP Accept R4,1156.124799999997,71,4,enter
0,Enter R4,1156.425036799997,47,4,enter
0,R4 no-reward tone,1161.480447999999,51,4,noreward
0,SHARP Accept R4,1178.8838911999985,71,4,enter
0,Quit R4,1189.3297151999996,49,4,quit
0,Reject R4,1189.6641920000018,48,4,reject
0,R1 80% offer,1189.7422207999975,19,1,80_offer
0,SHARP Entry R1,1190.4068479999974,61,1,tentry
0,SHARP Accept R1,1190.7768319999948,62,1,enter
0,Enter R1,1191.2086911999957,11,1,enter
0,SHARP Entry R1,1191.2740480000004,61,1,tentry
0,Servo 1 open,1194.2341375999972,1,1,servo open
0,R1 reward taken,1195.7237632,16,1,taken
0,SHARP Accept R1,1218.5060736000016,62,1,enter
0,SHARP Entry R1,1219.1395711999983,61,1,tentry
0,SHARP Accept R1,1219.2740863999948,62,1,enter
0,SHARP Entry R1,1219.4064255999997,61,1,tentry
0,SHARP Accept R1,1219.7744255999996,62,1,enter
0,SHARP Entry R1,1220.7082239999995,61,1,tentry
0,SHARP Accept R1,1220.7754367999955,62,1,enter
0,SHARP Entry R1,1221.242175999999,61,1,tentry
0,SHARP Accept R1,1222.109542399995,62,1,enter
0,SHARP Entry R1,1223.7449983999952,61,1,tentry
0,SHARP Accept R1,1234.2230271999986,62,1,enter
0,SHARP Entry R1,1234.323315200001,61,1,tentry
0,SHARP Accept R1,1234.3897983999998,62,1,enter
0,SHARP Entry R1,1234.3898368000016,61,1,tentry
0,SHARP Accept R1,1234.557721599996,62,1,enter
0,SHARP Entry R1,1234.6242943999991,61,1,tentry
0,SHARP Accept R1,1234.756915199995,62,1,enter
0,SHARP Entry R1,1235.0575103999972,61,1,tentry
0,SHARP Accept R1,1235.157875199996,62,1,enter
0,SHARP Entry R1,1235.3249919999987,61,1,tentry
0,SHARP Accept R1,1235.4252672000007,62,1,enter
0,SHARP Entry R1,1235.5579776000009,61,1,tentry
0,SHARP Accept R1,1235.7594367999957,62,1,enter
0,SHARP Entry R1,1235.759487999998,61,1,tentry
0,SHARP Accept R1,1235.959193599999,62,1,enter
0,SHARP Entry R1,1235.9592320000008,61,1,tentry
0,SHARP Accept R1,1236.359014399998,62,1,enter
0,SHARP Entry R1,1236.6924543999955,61,1,tentry
0,SHARP Accept R1,1237.026559999995,62,1,enter
0,SHARP Entry R1,1239.9627519999965,61,1,tentry
0,SHARP Accept R1,1240.5634943999946,62,1,enter
0,SHARP Entry R1,1241.4651391999946,61,1,tentry
0,SHARP Accept R1,1243.7013504000008,62,1,enter
0,SHARP Entry R1,1243.800831999995,61,1,tentry
0,Quit R1,1244.2017536000014,13,1,quit
0,Reject R1,1245.1928447999953,12,1,reject
0,SHARP Entry R1,1257.6832127999962,61,1,tentry
0,Reject R1,1258.244057599999,12,1,reject
0,SHARP Accept R4,1245.4922879999951,71,4,enter
0,Enter R4,1245.6606975999996,47,4,enter
0,SHARP Accept R4,1253.134054399997,71,4,enter
0,Quit R4,1255.1372927999944,49,4,quit
0,SHARP Accept R4,1256.5385727999956,71,4,enter
0,R2 0% offer,1258.2440063999966,29,2,0_offer
0,SHARP Entry R2,1258.8101631999984,64,2,tentry
0,SHARP Accept R2,1259.0098303999976,65,2,enter
0,Enter R2,1259.277580799997,23,2,enter
0,SHARP Entry R2,1259.7780736000016,64,2,tentry
0,R2 no-reward tone,1266.2939904000013,27,2,noreward
0,SHARP Accept R2,1268.1533183999957,65,2,enter
0,Quit R2,1297.820569600001,25,2,quit
0,SHARP Accept R2,1298.588569600001,65,2,enter
0,Reject R2,1298.8891647999958,24,2,reject
0,R3 80% offer,1298.8952831999957,43,3,80_offer
0,SHARP Entry R3,1300.0609023999943,67,3,tentry
0,SHARP Accept R3,1300.2941312000007,68,3,enter
0,Enter R3,1300.7272192000003,35,3,enter
0,SHARP Entry R3,1301.1621119999961,67,3,tentry
0,R3 no-reward tone,1303.7340927999987,39,3,noreward
0,SHARP Accept R3,1311.1727232000007,68,3,enter
0,SHARP Entry R3,1313.441484799996,67,3,tentry
0,Quit R3,1314.9440767999963,37,3,quit
0,Reject R3,1315.3447551999986,36,3,reject
0,R4 0% offer,1315.4422399999946,53,4,0_offer
0,SHARP Entry R4,1316.0723456000014,70,4,tentry
0,SHARP Accept R4,1316.2733439999968,71,4,enter
0,Enter R4,1316.6071807999983,47,4,enter
0,Quit R4,1316.7400447999985,49,4,quit
0,Enter R4,1316.8746752000004,47,4,enter
0,SHARP Accept R4,1324.3150080000014,71,4,enter
0,Quit R4,1327.7852800000012,49,4,quit
0,Reject R4,1328.0529279999957,48,4,reject
0,R1 0% offer,1328.1332096000015,17,1,0_offer
0,SHARP Entry R1,1328.7657727999986,61,1,tentry
0,SHARP Accept R1,1329.0314111999944,62,1,enter
0,Enter R1,1329.2654975999967,11,1,enter
0,SHARP Entry R1,1329.5320063999966,61,1,tentry
0,Quit R1,1333.7372927999943,13,1,quit
0,Reject R1,1334.0380927999988,12,1,reject
0,R2 80% offer,1334.0964864000007,31,2,80_offer
0,SHARP Entry R2,1334.7635583999977,64,2,tentry
0,SHARP Accept R2,1335.0299648000002,65,2,enter
0,Enter R2,1335.397939199999,23,2,enter
0,Servo 2 open,1338.4122624000013,3,2,servo open
0,R2 reward taken,1339.8496255999953,28,2,taken
0,SHARP Accept R2,1398.6027647999972,65,2,enter
0,Quit R2,1408.681996799998,25,2,quit
0,Reject R2,1408.8808959999978,24,2,reject
0,R3 20% offer,1408.9183104000017,42,3,20_offer
0,SHARP Entry R3,1409.4513791999966,67,3,tentry
0,SHARP Accept R3,1409.7521536,68,3,enter
0,Enter R3,1410.0860799999982,35,3,enter
0,R3 no-reward tone,1415.0926975999996,39,3,noreward
0,SHARP Accept R3,1420.1303039999977,68,3,enter
0,Quit R3,1423.6340736000016,37,3,quit
0,Reject R3,1423.8682368,36,3,reject
0,R4 80% offer,1423.9643391999975,55,4,80_offer
0,SHARP Entry R4,1424.6951167999953,70,4,tentry
0,SHARP Accept R4,1424.8618879999965,71,4,enter
0,Enter R4,1425.3972607999965,47,4,enter
0,Servo 4 open,1428.4087167999967,7,4,servo open
0,R4 reward taken,1429.773068799995,52,4,taken
0,Reject R4,1445.0577408000008,48,4,reject
0,SHARP Accept R4,1450.0582783999964,71,4,enter
0,Quit R4,1452.9937408000008,49,4,quit
0,R1 20% offer,1453.2413311999962,18,1,20_offer
0,SHARP Entry R1,1453.7735551999956,61,1,tentry
0,SHARP Accept R1,1454.2409855999947,62,1,enter
0,Enter R1,1454.7082624000013,11,1,enter
0,SHARP Entry R1,1454.7744640000014,61,1,tentry
0,R1 no-reward tone,1459.7218047999963,15,1,noreward
0,SHARP Entry R1,1465.853824000001,61,1,tentry
0,Quit R1,1470.5266048000008,13,1,quit
0,Reject R1,1470.8929663999975,12,1,reject
0,R2 0% offer,1470.9204864000008,29,2,0_offer
0,SHARP Entry R2,1471.451993599996,64,2,tentry
0,SHARP Accept R2,1471.752230399996,65,2,enter
0,Enter R2,1472.2196352000012,23,2,enter
0,SHARP Entry R2,1472.4536191999987,64,2,tentry
0,SHARP Accept R2,1475.1226367999986,65,2,enter
0,R2 no-reward tone,1479.222323199995,27,2,noreward
0,SHARP Accept R2,1480.9633280000016,65,2,enter
0,Quit R2,1481.296179200001,25,2,quit
0,Reject R2,1481.7982207999974,24,2,reject
0,R3 100% offer,1481.8020095999987,44,3,100_offer
0,SHARP Entry R3,1482.5681279999985,67,3,tentry
0,SHARP Accept R3,1482.8015615999996,68,3,enter
0,SHARP Entry R3,1483.068646399997,67,3,tentry
0,Enter R3,1483.1020159999953,35,3,enter
0,Servo 3 open,1484.102860799998,5,3,servo open
0,R3 reward taken,1485.5613951999992,40,3,taken
0,SHARP Accept R3,1509.0319103999957,68,3,enter
0,Quit R3,1511.133977600001,37,3,quit
0,Reject R3,1511.6028927999957,36,3,reject
0,R4 100% offer,1511.7287679999993,56,4,100_offer
0,SHARP Entry R4,1512.4610560000017,70,4,tentry
0,SHARP Accept R4,1512.628326399997,71,4,enter
0,Enter R4,1513.6965375999957,47,4,enter
0,Quit R4,1513.7627647999973,49,4,quit
0,Enter R4,1513.7965951999947,47,4,enter
0,Quit R4,1514.0629887999967,49,4,quit
0,Enter R4,1514.0960128000006,47,4,enter
0,Quit R4,1518.4354816000014,49,4,quit
0,Enter R4,1518.4692223999948,47,4,enter
0,Quit R4,1518.5359615999982,49,4,quit
0,Enter R4,1518.6014975999967,47,4,enter
0,Quit R4,1521.3051519999951,49,4,quit
0,Enter R4,1521.405939199999,47,4,enter
0,SHARP Accept R4,1525.7761407999992,71,4,enter
0,Quit R4,1529.1811711999997,49,4,quit
0,Reject R4,1529.4141055999994,48,4,reject
0,R1 0% offer,1529.4611583999992,17,1,0_offer
0,SHARP Entry R1,1530.160294399999,61,1,tentry
0,SHARP Accept R1,1530.5282303999961,62,1,enter
0,Enter R1,1530.9284736000002,11,1,enter
0,SHARP Entry R1,1530.961408,61,1,tentry
0,Quit R1,1532.0967679999992,13,1,quit
0,Reject R1,1532.4672895999997,12,1,reject
0,R2 100% offer,1532.5216895999984,32,2,100_offer
0,SHARP Entry R2,1533.1561599999964,64,2,tentry
0,SHARP Accept R2,1533.3560191999973,65,2,enter
0,Enter R2,1533.7225983999967,23,2,enter
0,SHARP Entry R2,1533.7894399999975,64,2,tentry
0,Servo 2 open,1534.7349887999967,3,2,servo open
0,R2 reward taken,1538.3640447999985,28,2,taken
0,SHARP Accept R2,1550.0078079999982,65,2,enter
0,Quit R2,1552.3109759999961,25,2,quit
0,Reject R2,1552.6123007999956,24,2,reject
0,R3 80% offer,1552.617215999998,43,3,80_offer
0,SHARP Entry R3,1553.1485183999985,67,3,tentry
0,SHARP Accept R3,1553.5512959999965,68,3,enter
0,Enter R3,1553.8163456000016,35,3,enter
0,Servo 3 open,1556.8264959999995,5,3,servo open
0,R3 reward taken,1558.1162111999988,40,3,taken
0,SHARP Accept R3,1572.9043071999997,68,3,enter
0,Quit R3,1575.7411711999998,37,3,quit
0,Reject R3,1576.0421375999972,36,3,reject
0,R4 100% offer,1576.1681920000017,56,4,100_offer
0,SHARP Entry R4,1576.9344640000015,70,4,tentry
0,SHARP Accept R4,1577.1350271999986,71,4,enter
0,Enter R4,1577.6015744000003,47,4,enter
0,Servo 4 open,1578.6032639999985,7,4,servo open
0,R4 reward taken,1580.0931455999985,52,4,taken
0,Quit R4,1580.1048703999966,49,4,quit
0,Enter R4,1580.1384831999987,47,4,enter
0,Quit R4,1596.7910527999998,49,4,quit
0,Reject R4,1597.1581055999993,48,4,reject
0,R1 100% offer,1597.2379263999983,20,1,100_offer
0,SHARP Entry R1,1597.9713024000005,61,1,tentry
0,SHARP Accept R1,1598.3059839999974,62,1,enter
0,Enter R1,1598.5737343999967,11,1,enter
0,SHARP Entry R1,1598.6727167999968,61,1,tentry
0,Servo 1 open,1599.574924800001,1,1,servo open
0,R1 reward taken,1600.9271935999989,16,1,taken
0,SHARP Entry R1,1602.275942400001,61,1,tentry
0,SHARP Accept R1,1621.6646911999956,62,1,enter
0,Quit R1,1622.4331775999963,13,1,quit
0,Reject R1,1622.6995711999982,12,1,reject
0,R2 80% offer,1622.7581567999944,31,2,80_offer
0,SHARP Entry R2,1623.3248896000014,64,2,tentry
0,SHARP Accept R2,1623.4920447999984,65,2,enter
0,Enter R2,1623.8259711999967,23,2,enter
0,Servo 2 open,1626.8392575999947,3,2,servo open
0,R2 reward taken,1628.1885183999987,28,2,taken
0,SHARP Accept R2,1640.1776255999953,65,2,enter
0,Quit R2,1640.8782463999987,25,2,quit
0,Reject R2,1641.2131711999998,24,2,reject
0,R3 20% offer,1641.2522239999994,42,3,20_offer
0,SHARP Entry R3,1641.7827712000012,67,3,tentry
0,SHARP Accept R3,1642.1163775999994,68,3,enter
0,Enter R3,1642.4171647999958,35,3,enter
0,Servo 3 open,1647.4207232000008,5,3,servo open
0,R3 reward taken,1648.7277567999959,40,3,taken
0,Quit R3,1661.8390271999986,37,3,quit
0,Reject R3,1662.1066495999992,36,3,reject
0,R4 0% offer,1662.1976576000004,53,4,0_offer
0,SHARP Entry R4,1662.8648319999947,70,4,tentry
0,SHARP Accept R4,1662.9985791999995,71,4,enter
0,Enter R4,1663.398502399996,47,4,enter
0,Quit R4,1663.7670271999984,49,4,quit
0,Enter R4,1663.8996735999956,47,4,enter
0,Quit R4,1663.9336959999948,49,4,quit
0,Enter R4,1664.6999296000004,47,4,enter
0,Quit R4,1668.9057536000014,49,4,quit
0,Reject R4,1669.1724671999962,48,4,reject
0,R1 20% offer,1669.2228095999956,18,1,20_offer
0,SHARP Entry R1,1669.6860287999957,61,1,tentry
0,SHARP Accept R1,1670.1210495999976,62,1,enter
0,Enter R1,1670.4206335999966,11,1,enter
0,SHARP Entry R1,1670.487039999999,61,1,tentry
0,R1 no-reward tone,1675.4362368,15,1,noreward
0,SHARP Entry R1,1676.194739199996,61,1,tentry
0,SHARP Accept R1,1677.9627775999977,62,1,enter
0,Quit R1,1679.0644607999996,13,1,quit
0,Reject R1,1679.2655359999985,12,1,reject
0,R2 0% offer,1679.323251199998,29,2,0_offer
0,SHARP Entry R2,1679.8889472000003,64,2,tentry
0,SHARP Accept R2,1680.1561215999945,65,2,enter
0,SHARP Entry R2,1680.657036799997,64,2,tentry
0,Reject R2,1680.757311999999,24,2,reject
0,R3 20% offer,1680.7950080000014,42,3,20_offer
0,SHARP Entry R3,1681.3280256000012,67,3,tentry
0,SHARP Accept R3,1681.6282496000006,68,3,enter
0,Enter R3,1681.8958464000002,35,3,enter
0,R3 no-reward tone,1686.9079552000017,39,3,noreward
0,Quit R3,1689.5713535999953,37,3,quit
0,Reject R3,1689.8386431999952,36,3,reject
0,R4 80% offer,1689.9302016000004,55,4,80_offer
0,SHARP Entry R4,1690.5289728000016,70,4,tentry
0,SHARP Accept R4,1690.6969983999952,71,4,enter
0,Enter R4,1691.0630015999973,47,4,enter
0,Quit R4,1691.3970560000018,49,4,quit
0,Enter R4,1691.464960000001,47,4,enter
0,Quit R4,1699.8068095999956,49,4,quit
0,Reject R4,1700.3425279999972,48,4,reject
0,R1 20% offer,1700.3887232000009,18,1,20_offer
0,SHARP Entry R1,1701.188569600001,61,1,tentry
0,Reject R1,1701.522688000001,12,1,reject
0,R2 20% offer,1701.6486911999955,30,2,20_offer
0,SHARP Entry R2,1702.2147327999994,64,2,tentry
0,SHARP Accept R2,1702.3815807999968,65,2,enter
0,Enter R2,1702.581939199999,23,2,enter
0,SHARP Accept R2,1704.1180671999975,65,2,enter
0,R2 no-reward tone,1707.5951231999993,27,2,noreward
0,SHARP Accept R2,1707.6894208000003,65,2,enter
0,Quit R2,1708.8563711999952,25,2,quit
0,Reject R2,1709.3575295999945,24,2,reject
0,R3 0% offer,1709.3607167999967,41,3,0_offer
0,SHARP Entry R3,1710.0280191999973,67,3,tentry
0,SHARP Accept R3,1710.2944640000017,68,3,enter
0,Enter R3,1710.8979839999975,35,3,enter
0,Quit R3,1712.1970304000006,37,3,quit
0,SHARP Entry R3,1712.2303487999961,67,3,tentry
0,Reject R3,1712.4980736000016,36,3,reject
0,SHARP Accept R3,1712.5643775999993,68,3,enter
0,Reject R3,1712.5899135999978,36,3,reject
0,R4 80% offer,1712.5896319999993,55,4,80_offer
0,SHARP Entry R4,1713.1549695999995,70,4,tentry
0,SHARP Accept R4,1713.255820799999,71,4,enter
0,Enter R4,1713.656051199995,47,4,enter
0,Quit R4,1713.8561664000003,49,4,quit
0,Enter R4,1714.290623999998,47,4,enter
0,Quit R4,1717.427993599996,49,4,quit
0,Reject R4,1717.6607487999945,48,4,reject
0,R1 20% offer,1717.7091840000003,18,1,20_offer
0,SHARP Entry R1,1718.3429376000017,61,1,tentry
0,SHARP Accept R1,1718.609484799996,62,1,enter
0,Enter R1,1718.845247999996,11,1,enter
0,SHARP Entry R1,1718.9776767999977,61,1,tentry
0,Servo 1 open,1723.8473471999987,1,1,servo open
0,SHARP Entry R1,1725.6838911999985,61,1,tentry
0,SHARP Accept R1,1727.019097599998,62,1,enter
0,SHARP Entry R1,1727.986329599999,61,1,tentry
0,R1 reward taken,1728.6272639999986,16,1,taken
0,SHARP Entry R1,1728.7533183999956,61,1,tentry
0,SHARP Accept R1,1739.0658431999982,62,1,enter
0,Quit R1,1739.6337151999994,13,1,quit
0,Reject R1,1740.2336511999965,12,1,reject
0,R2 100% offer,1740.4254079999998,32,2,100_offer
0,SHARP Entry R2,1741.1260927999988,64,2,tentry
0,SHARP Accept R2,1741.3593471999989,65,2,enter
0,SHARP Entry R2,1741.5622016000002,64,2,tentry
0,Reject R2,1741.7950080000014,24,2,reject
0,R3 20% offer,1741.8641023999974,42,3,20_offer
0,SHARP Entry R3,1742.5649023999945,67,3,tentry
0,SHARP Accept R3,1742.7319552000015,68,3,enter
0,Enter R3,1742.8989311999976,35,3,enter
0,SHARP Entry R3,1743.7326335999965,67,3,tentry
0,R3 no-reward tone,1747.912115199998,39,3,noreward
0,Quit R3,1749.8405887999982,37,3,quit
0,Reject R3,1750.6751744000017,36,3,reject
0,R4 0% offer,1750.7654143999964,53,4,0_offer
0,SHARP Entry R4,1751.3649023999944,70,4,tentry
0,SHARP Accept R4,1751.599193599999,71,4,enter
0,Enter R4,1752.031897599995,47,4,enter
0,Quit R4,1753.333695999995,49,4,quit
0,Reject R4,1753.5349887999967,48,4,reject
0,R1 80% offer,1753.5826431999951,19,1,80_offer
0,SHARP Entry R1,1754.0838399999961,61,1,tentry
0,SHARP Accept R1,1754.382924800001,62,1,enter
0,Enter R1,1754.6500736000016,11,1,enter
0,SHARP Entry R1,1754.6832895999999,61,1,tentry
0,Servo 1 open,1757.6525311999992,1,1,servo open
0,R1 reward taken,1758.9076352000013,16,1,taken
0,SHARP Entry R1,1762.5929472000003,61,1,tentry
0,SHARP Accept R1,1771.9022591999992,62,1,enter
0,SHARP Entry R1,1772.3370879999995,61,1,tentry
0,SHARP Accept R1,1772.437068799995,62,1,enter
0,Quit R1,1776.175308799997,13,1,quit
0,Reject R1,1776.3411071999967,12,1,reject
0,R2 100% offer,1776.366348799996,32,2,100_offer
0,SHARP Entry R2,1776.8009855999946,64,2,tentry
0,SHARP Accept R2,1776.9353215999977,65,2,enter
0,Enter R2,1777.301196800001,23,2,enter
0,SHARP Accept R2,1778.1025407999978,65,2,enter
0,Servo 2 open,1778.3112703999952,3,2,servo open
0,R2 reward taken,1779.6312192000003,28,2,taken
0,SHARP Accept R2,1809.9380480000004,65,2,enter
0,Quit R2,1812.1064575999976,25,2,quit
0,Reject R2,1812.307251199998,24,2,reject
0,R3 0% offer,1812.3119231999963,41,3,0_offer
0,SHARP Entry R3,1812.811583999999,67,3,tentry
0,SHARP Accept R3,1813.0451327999979,68,3,enter
0,Enter R3,1813.4467199999988,35,3,enter
0,Quit R3,1815.9485824000017,37,3,quit
0,Reject R3,1817.2513791999966,36,3,reject
0,R4 0% offer,1817.3071231999993,53,4,0_offer
0,SHARP Entry R4,1817.7734143999965,70,4,tentry
0,SHARP Accept R4,1817.8735231999979,71,4,enter
0,Enter R4,1818.2401664000004,47,4,enter
0,R4 no-reward tone,1825.2506111999974,51,4,noreward
0,Quit R4,1829.9210495999978,49,4,quit
0,Reject R4,1830.0546303999945,48,4,reject
0,R1 20% offer,1830.0711423999965,18,1,20_offer
0,SHARP Entry R1,1830.4694143999964,61,1,tentry
0,SHARP Accept R1,1830.703078400001,62,1,enter
0,Enter R1,1830.9373311999962,11,1,enter
0,SHARP Entry R1,1835.809996799998,61,1,tentry
0,R1 no-reward tone,1835.9412351999954,15,1,noreward
0,Quit R1,1836.6444160000012,13,1,quit
0,Reject R1,1836.8454143999963,12,1,reject
0,R2 0% offer,1836.9034367999957,29,2,0_offer
0,SHARP Entry R2,1837.4021887999997,64,2,tentry
0,SHARP Accept R2,1837.6694655999988,65,2,enter
0,SHARP Entry R2,1838.470054399997,64,2,tentry
0,Enter R2,1838.504857599996,23,2,enter
0,SHARP Accept R2,1840.8398720000014,65,2,enter
0,R2 no-reward tone,1845.519487999998,27,2,noreward
0,SHARP Accept R2,1846.0797823999972,65,2,enter
0,Quit R2,1847.0801407999993,25,2,quit
0,Reject R2,1847.6481407999993,24,2,reject
0,R3 80% offer,1847.6859263999984,43,3,80_offer
0,SHARP Entry R3,1848.419660799995,67,3,tentry
0,SHARP Accept R3,1848.5855359999985,68,3,enter
0,Enter R3,1848.8199552000017,35,3,enter
0,Servo 3 open,1851.8345855999962,5,3,servo open
0,R3 reward taken,1869.7025535999983,40,3,taken
0,SHARP Entry R3,1877.018150399998,67,3,tentry
0,Quit R3,1896.740864,37,3,quit
0,Reject R3,1899.612172799997,36,3,reject
0,R4 0% offer,1899.701158399999,53,4,0_offer
0,SHARP Entry R4,1900.1662207999975,70,4,tentry
0,SHARP Accept R4,1900.3337215999961,71,4,enter
0,Reject R4,1902.036351999998,48,4,reject
0,R1 80% offer,1902.0847487999945,19,1,80_offer
0,SHARP Entry R1,1902.7523071999997,61,1,tentry
0,SHARP Accept R1,1903.3190271999986,62,1,enter
0,Enter R1,1903.652505599998,11,1,enter
0,Servo 1 open,1906.6677503999992,1,1,servo open
0,R1 reward taken,1907.8597119999974,16,1,taken
0,SHARP Entry R1,1918.8035711999983,61,1,tentry
0,SHARP Accept R1,1922.6076415999978,62,1,enter
0,SHARP Entry R1,1923.6426623999998,61,1,tentry
0,SHARP Accept R1,1927.1455872000008,62,1,enter
0,Quit R1,1929.1153407999948,13,1,quit
0,Reject R1,1930.0519679999948,12,1,reject
0,R2 100% offer,1930.1090304000006,32,2,100_offer
0,SHARP Entry R2,1930.5747456,64,2,tentry
0,Reject R2,1931.0775295999945,24,2,reject
0,R3 80% offer,1931.1152383999975,43,3,80_offer
0,SHARP Entry R3,1931.6475135999992,67,3,tentry
0,SHARP Accept R3,1931.8810239999964,68,3,enter
0,Enter R3,1932.1830271999986,35,3,enter
0,Quit R3,1932.213939199999,37,3,quit
0,SHARP Entry R3,1932.2485119999944,67,3,tentry
0,Enter R3,1932.2816895999983,35,3,enter
0,SHARP Entry R3,1934.316838399999,67,3,tentry
0,SHARP Accept R3,1954.1745407999977,68,3,enter
0,SHARP Entry R3,1954.2737408000007,67,3,tentry
0,SHARP Accept R3,1954.5392639999986,68,3,enter
0,Quit R3,1963.2836352000013,37,3,quit
0,Reject R3,1963.5185407999977,36,3,reject
0,R4 100% offer,1963.5736319999992,56,4,100_offer
0,SHARP Entry R4,1964.1062783999964,70,4,tentry
0,SHARP Accept R4,1964.2400383999943,71,4,enter
0,Enter R4,1964.6066559999958,47,4,enter
0,Servo 4 open,1965.6097151999995,7,4,servo open
0,R4 reward taken,1967.1627903999984,52,4,taken
0,Quit R4,1986.7981951999961,49,4,quit
0,SHARP Entry R4,1994.9732991999983,70,4,tentry
0,SHARP Accept R4,1995.974860799998,71,4,enter
0,Reject R4,1997.9777151999995,48,4,reject
0,R1 20% offer,1998.0294655999987,18,1,20_offer
0,SHARP Entry R1,1998.4608640000001,61,1,tentry
0,SHARP Accept R1,1998.7276928000003,62,1,enter
0,SHARP Entry R1,1999.4285568000005,61,1,tentry
0,Enter R1,1999.563251199998,11,1,enter
0,SHARP Entry R1,1999.7640319999978,61,1,tentry
0,Quit R1,2002.3656448,13,1,quit
0,Reject R1,2002.6319743999989,12,1,reject
0,R2 80% offer,2002.6614912,31,2,80_offer
0,SHARP Entry R2,2003.2924799999967,64,2,tentry
0,SHARP Accept R2,2003.6916224000006,65,2,enter
0,Enter R2,2005.1931903999969,23,2,enter
0,R2 no-reward tone,2008.1947263999955,27,2,noreward
0,Quit R2,2017.642214400001,25,2,quit
0,Reject R2,2018.0096000000015,24,2,reject
0,R3 80% offer,2018.0464384000004,43,3,80_offer
0,SHARP Entry R3,2018.478796799995,67,3,tentry
0,SHARP Accept R3,2018.6791167999952,68,3,enter
0,Enter R3,2018.913996799998,35,3,enter
0,Servo 3 open,2021.9162879999951,5,3,servo open
0,R3 reward taken,2023.1027071999981,40,3,taken
0,SHARP Entry R3,2033.363136,67,3,tentry
0,Quit R3,2045.1760383999945,37,3,quit
0,Reject R3,2045.4450560000018,36,3,reject
0,R4 80% offer,2045.4981631999985,55,4,80_offer
0,SHARP Entry R4,2045.9977983999997,70,4,tentry
0,SHARP Accept R4,2046.0983808000012,71,4,enter
0,Enter R4,2046.5007743999959,47,4,enter
0,Quit R4,2046.7661567999944,49,4,quit
0,Enter R4,2047.1331071999966,47,4,enter
0,Quit R4,2052.2720767999963,49,4,quit
0,Reject R4,2052.7742848000007,48,4,reject
0,R1 100% offer,2052.823820799999,20,1,100_offer
0,SHARP Entry R1,2053.289663999997,61,1,tentry
0,SHARP Accept R1,2053.5901312000005,62,1,enter
0,Enter R1,2053.8588159999995,11,1,enter
0,SHARP Entry R1,2053.9240319999976,61,1,tentry
0,Servo 1 open,2054.8605568000003,1,1,servo open
0,R1 reward taken,2056.057996799998,16,1,taken
0,SHARP Entry R1,2061.6990207999943,61,1,tentry
0,SHARP Accept R1,2064.903308799997,62,1,enter
0,Quit R1,2065.771340799995,13,1,quit
0,Reject R1,2065.971110399999,12,1,reject
0,R2 100% offer,2066.0300671999976,32,2,100_offer
0,SHARP Entry R2,2066.5640447999986,64,2,tentry
0,SHARP Accept R2,2066.696716799997,65,2,enter
0,SHARP Entry R2,2067.030860799998,64,2,tentry
0,Enter R2,2067.0982783999966,23,2,enter
0,Servo 2 open,2068.113804799996,3,2,servo open
0,R2 reward taken,2069.4250239999965,28,2,taken
0,Quit R2,2090.390592,25,2,quit
0,SHARP Accept R2,2091.0589695999993,65,2,enter
0,Reject R2,2091.092275199994,24,2,reject
0,R3 0% offer,2091.1640832000003,41,3,0_offer
0,SHARP Entry R3,2091.863628799997,67,3,tentry
0,SHARP Accept R3,2092.0968319999947,68,3,enter
0,Enter R3,2092.3302016000002,35,3,enter
0,Quit R3,2093.0646015999987,37,3,quit
0,Reject R3,2094.0325759999973,36,3,reject
0,R4 100% offer,2094.0882815999985,56,4,100_offer
0,SHARP Entry R4,2094.619315200001,70,4,tentry
0,SHARP Accept R4,2094.8196096,71,4,enter
0,Enter R4,2095.2537343999966,47,4,enter
0,Quit R4,2095.3870080000015,49,4,quit
0,Enter R4,2095.8550527999996,47,4,enter
0,Quit R4,2095.8877951999975,49,4,quit
0,Enter R4,2095.9546495999994,47,4,enter
0,Quit R4,2096.1213311999963,49,4,quit
0,Enter R4,2096.1546367999986,47,4,enter
0,Quit R4,2096.4218112000003,49,4,quit
0,Enter R4,2096.4893567999975,47,4,enter
0,Quit R4,2098.124761599995,49,4,quit
0,Enter R4,2098.1571071999965,47,4,enter
0,Quit R4,2099.926924800001,49,4,quit
0,Reject R4,2100.2287871999965,48,4,reject
0,R1 100% offer,2100.2777087999957,20,1,100_offer
0,SHARP Entry R1,2100.811404799998,61,1,tentry
0,SHARP Accept R1,2101.0777343999966,62,1,enter
0,Enter R1,2101.3777663999945,11,1,enter
0,SHARP Entry R1,2101.5112320000007,61,1,tentry
0,Servo 1 open,2102.379315200001,1,1,servo open
0,R1 reward taken,2103.5593856000005,16,1,taken
0,SHARP Entry R1,2104.3142272000014,61,1,tentry
0,SHARP Accept R1,2118.3974912,62,1,enter
0,Quit R1,2123.0362368,13,1,quit
0,Reject R1,2123.1375231999978,12,1,reject
0,R2 0% offer,2123.195852799997,29,2,0_offer
0,SHARP Entry R2,2123.6283647999985,64,2,tentry
0,SHARP Accept R2,2123.8292223999947,65,2,enter
0,SHARP Entry R2,2124.7626495999993,64,2,tentry
0,Reject R2,2125.4981887999998,24,2,reject
0,R3 0% offer,2125.5689343999998,41,3,0_offer
0,SHARP Entry R3,2126.068249600001,67,3,tentry
0,SHARP Accept R3,2126.2352895999998,68,3,enter
0,Reject R3,2127.1042431999967,36,3,reject
0,R4 80% offer,2127.1906687999963,55,4,80_offer
0,SHARP Entry R4,2127.657728,70,4,tentry
0,SHARP Accept R4,2127.7579648,71,4,enter
0,Enter R4,2131.2953343999984,47,4,enter
0,Quit R4,2131.394585599996,49,4,quit
0,Enter R4,2131.9623552000003,47,4,enter
0,Quit R4,2145.677580799997,49,4,quit
0,Reject R4,2146.278975999996,48,4,reject
0,R1 0% offer,2146.2980095999987,17,1,0_offer
0,SHARP Entry R1,2146.7962111999987,61,1,tentry
0,SHARP Accept R1,2147.0298879999964,62,1,enter
0,Reject R1,2148.2649343999997,12,1,reject
0,R2 80% offer,2148.3237888000012,31,2,80_offer
0,SHARP Entry R2,2148.8570751999987,64,2,tentry
0,SHARP Accept R2,2149.0243456000017,65,2,enter
0,SHARP Entry R2,2149.3244160000013,64,2,tentry
0,Enter R2,2149.324569600001,23,2,enter
0,Servo 2 open,2152.338483199999,3,2,servo open
0,R2 reward taken,2153.649817599997,28,2,taken
0,SHARP Accept R2,2169.7476096,65,2,enter
0,Quit R2,2176.7555199999956,25,2,quit
0,Reject R2,2177.0231807999985,24,2,reject
0,R3 20% offer,2177.0628735999985,42,3,20_offer
0,SHARP Entry R3,2177.4607871999965,67,3,tentry
0,SHARP Accept R3,2177.6615040000006,68,3,enter
0,Enter R3,2177.9283200000004,35,3,enter
0,Servo 3 open,2182.938688000001,5,3,servo open
0,R3 reward taken,2184.6678143999948,40,3,taken
0,SHARP Entry R3,2196.682547199994,67,3,tentry
0,Quit R3,2197.082918399997,37,3,quit
0,SHARP Entry R3,2197.2166272,67,3,tentry
0,Reject R3,2197.4519167999997,36,3,reject
0,R4 100% offer,2197.5707135999946,56,4,100_offer
0,SHARP Entry R4,2198.2370560000018,70,4,tentry
0,SHARP Accept R4,2198.3036415999977,71,4,enter
0,Enter R4,2198.603967999995,47,4,enter
0,Servo 4 open,2199.6057471999975,7,4,servo open
0,R4 reward taken,2200.8972927999944,52,4,taken
0,Reject R4,2213.555737599999,48,4,reject
0,Quit R4,2219.4955135999994,49,4,quit
0,R1 100% offer,2219.7812991999986,20,1,100_offer
0,SHARP Entry R1,2220.2801535999997,61,1,tentry
0,SHARP Accept R1,2220.6135295999943,62,1,enter
0,Enter R1,2221.247897599995,11,1,enter
0,Servo 1 open,2222.2491391999947,1,1,servo open
0,R1 reward taken,2223.743039999999,16,1,taken
0,SHARP Entry R1,2225.220159999996,61,1,tentry
0,SHARP Accept R1,2237.6006911999957,62,1,enter
0,Quit R1,2239.135155199997,13,1,quit
0,Reject R1,2239.3368703999968,12,1,reject
0,R2 0% offer,2239.3945983999965,29,2,0_offer
0,SHARP Entry R2,2239.894937600002,64,2,tentry
0,SHARP Accept R2,2240.095705600001,65,2,enter
0,Reject R2,2240.5285759999974,24,2,reject
0,R3 20% offer,2240.5669631999954,42,3,20_offer
0,SHARP Entry R3,2240.8997503999994,67,3,tentry
0,SHARP Accept R3,2241.166924800001,68,3,enter
0,Enter R3,2241.467404799998,35,3,enter
0,SHARP Entry R3,2242.4681471999957,67,3,tentry
0,R3 no-reward tone,2246.4783999999986,39,3,noreward
0,SHARP Entry R3,2247.2069376000018,67,3,tentry
0,Quit R3,2247.7410047999992,37,3,quit
0,Reject R3,2248.2423039999976,36,3,reject
0,R4 20% offer,2248.4280832000004,54,4,20_offer
0,SHARP Entry R4,2249.127628799997,70,4,tentry
0,SHARP Accept R4,2249.2621567999945,71,4,enter
0,Enter R4,2249.6619648,47,4,enter
0,Quit R4,2249.7956352000015,49,4,quit
0,Enter R4,2250.2955648000016,47,4,enter
0,Quit R4,2252.531673599996,49,4,quit
0,Reject R4,2256.4707327999995,48,4,reject
0,R1 80% offer,2256.5558271999953,19,1,80_offer
0,SHARP Entry R1,2257.0887551999986,61,1,tentry
0,SHARP Accept R1,2257.422950399995,62,1,enter
0,Enter R1,2257.722598399997,11,1,enter
0,SHARP Entry R1,2257.9232127999962,61,1,tentry
0,Servo 1 open,2260.7374591999946,1,1,servo open
0,R1 reward taken,2261.8511999999955,16,1,taken
0,SHARP Entry R1,2275.6435071999954,61,1,tentry
0,Quit R1,2277.979008000001,13,1,quit
0,Reject R1,2278.179097599998,12,1,reject
0,R2 80% offer,2278.2056448,31,2,80_offer
0,SHARP Entry R2,2278.704921599999,64,2,tentry
0,SHARP Accept R2,2278.805465599999,65,2,enter
0,Enter R2,2279.040179200001,23,2,enter
0,Servo 2 open,2282.0416127999947,3,2,servo open
0,R2 reward taken,2283.4676735999956,28,2,taken
0,Quit R2,2296.6587519999966,25,2,quit
0,Reject R2,2296.993907200001,24,2,reject
0,R3 80% offer,2296.998771200001,43,3,80_offer
0,SHARP Entry R3,2297.431308799997,67,3,tentry
0,SHARP Accept R3,2297.6324736,68,3,enter
0,Enter R3,2298.098022399999,35,3,enter
0,Servo 3 open,2301.1093376000003,5,3,servo open
0,R3 reward taken,2302.384819200002,40,3,taken
0,Quit R3,2334.8734591999946,37,3,quit
0,SHARP Entry R3,2335.0734208000003,67,3,tentry
0,Reject R3,2335.2420863999946,36,3,reject
0,R4 80% offer,2335.294310400002,55,4,80_offer
0,SHARP Entry R4,2335.759039999999,70,4,tentry
0,SHARP Accept R4,2335.860467199996,71,4,enter
0,Enter R4,2336.560409599997,47,4,enter
0,Quit R4,2336.626598399997,49,4,quit
0,Enter R4,2336.7266943999975,47,4,enter
0,Quit R4,2341.5327615999954,49,4,quit
0,Reject R4,2343.335283199996,48,4,reject
0,R1 100% offer,2343.3554175999984,20,1,100_offer
0,SHARP Entry R1,2343.9212031999978,61,1,tentry
0,SHARP Accept R1,2344.254655999996,62,1,enter
0,Enter R1,2344.5565951999947,11,1,enter
0,SHARP Entry R1,2344.6213759999946,61,1,tentry
0,Servo 1 open,2345.558476799995,1,1,servo open
0,R1 reward taken,2346.8753024000002,16,1,taken
0,Quit R1,2363.143641599998,13,1,quit
0,Enter R1,2363.643430399999,11,1,enter
0,SHARP Entry R1,2364.1774719999953,61,1,tentry
0,SHARP Accept R1,2366.6137727999985,62,1,enter
0,Quit R1,2367.0147584000006,13,1,quit
0,Reject R1,2367.181132799998,12,1,reject
0,R2 20% offer,2367.2401023999973,30,2,20_offer
0,SHARP Entry R2,2367.739750399999,64,2,tentry
0,SHARP Accept R2,2367.873484799996,65,2,enter
0,Enter R2,2368.2083967999965,23,2,enter
0,SHARP Accept R2,2373.0793728,65,2,enter
0,R2 no-reward tone,2373.2240639999955,27,2,noreward
0,SHARP Accept R2,2373.3800832,65,2,enter
0,Quit R2,2375.3819263999985,25,2,quit
0,SHARP Accept R2,2375.6826880000012,65,2,enter
0,Reject R2,2375.817305599995,24,2,reject
0,R3 80% offer,2375.822387199998,43,3,80_offer
0,SHARP Entry R3,2376.388262400001,67,3,tentry
0,SHARP Accept R3,2376.5873535999954,68,3,enter
0,Enter R3,2377.0548992,35,3,enter
0,Servo 3 open,2380.070079999998,5,3,servo open
0,SHARP Entry R3,2380.3251199999972,67,3,tentry
0,R3 reward taken,2381.2726143999994,40,3,taken
0,SHARP Accept R3,2396.2096895999985,68,3,enter
0,Quit R3,2398.8463104000016,37,3,quit
0,Reject R3,2399.047897599995,36,3,reject
0,R4 80% offer,2399.1322751999946,55,4,80_offer
0,SHARP Entry R4,2399.7981823999958,70,4,tentry
0,SHARP Accept R4,2400.031705600001,71,4,enter
0,Enter R4,2401.8671744000017,47,4,enter
0,Quit R4,2401.9683967999963,49,4,quit
0,Enter R4,2402.001587200001,47,4,enter
0,Quit R4,2402.0681088000015,49,4,quit
0,Enter R4,2402.502054399997,47,4,enter
0,Quit R4,2403.502681599997,49,4,quit
0,Enter R4,2404.2371199999975,47,4,enter
0,Quit R4,2404.837516800001,49,4,quit
0,Reject R4,2405.4381567999944,48,4,reject
0,R1 100% offer,2405.492057599999,20,1,100_offer
0,SHARP Entry R1,2406.0595583999975,61,1,tentry
0,SHARP Accept R1,2406.3248255999983,62,1,enter
0,Enter R1,2406.626252799995,11,1,enter
0,SHARP Entry R1,2406.692620799996,61,1,tentry
0,Servo 1 open,2407.6285183999985,1,1,servo open
0,R1 reward taken,2408.8288127999976,16,1,taken
0,Quit R1,2424.579097599998,13,1,quit
0,SHARP Accept R1,2424.946521600001,62,1,enter
0,Reject R1,2425.1147903999986,12,1,reject
0,R2 20% offer,2425.139097599998,30,2,20_offer
0,SHARP Entry R2,2425.606246399999,64,2,tentry
0,SHARP Accept R2,2425.7400447999985,65,2,enter
0,SHARP Entry R2,2426.1395327999962,64,2,tentry
0,Enter R2,2426.2732415999994,23,2,enter
0,R2 no-reward tone,2431.2825855999963,27,2,noreward
0,Quit R2,2431.579468800001,25,2,quit
0,SHARP Accept R2,2431.746086399995,65,2,enter
0,Reject R2,2431.7801088000015,24,2,reject
0,R3 100% offer,2431.8176000000017,44,3,100_offer
0,SHARP Entry R3,2432.2870271999986,67,3,tentry
0,SHARP Accept R3,2432.518604800001,68,3,enter
0,Enter R3,2432.7520639999957,35,3,enter
0,Servo 3 open,2433.753663999997,5,3,servo open
0,R3 reward taken,2435.0455679999964,40,3,taken
0,SHARP Accept R3,2447.335014399998,68,3,enter
0,Quit R3,2448.236416000001,37,3,quit
0,Reject R3,2448.537011199996,36,3,reject
0,R4 20% offer,2448.5879167999997,54,4,20_offer
0,SHARP Entry R4,2449.1878271999954,70,4,tentry
0,SHARP Accept R4,2449.3877632,71,4,enter
0,Reject R4,2450.6910207999945,48,4,reject
0,R1 0% offer,2450.7099007999973,17,1,0_offer
0,SHARP Entry R1,2451.2436096,61,1,tentry
0,SHARP Accept R1,2451.509862399995,62,1,enter
0,Enter R1,2451.877824000001,11,1,enter
0,SHARP Entry R1,2451.9771903999967,61,1,tentry
0,Quit R1,2454.5821055999995,13,1,quit
0,Reject R1,2454.8160895999968,12,1,reject
0,R2 0% offer,2454.8407551999985,29,2,0_offer
0,SHARP Entry R2,2455.3735040000006,64,2,tentry
0,SHARP Accept R2,2455.5738368000016,65,2,enter
0,Reject R2,2456.0754688000006,24,2,reject
0,R3 100% offer,2456.1121664000007,44,3,100_offer
0,SHARP Entry R3,2456.478643199995,67,3,tentry
0,SHARP Accept R3,2456.9467008000015,68,3,enter
0,Enter R3,2457.7806719999985,35,3,enter
0,Servo 3 open,2458.7935231999977,5,3,servo open
0,R3 reward taken,2460.0210047999994,40,3,taken
0,Quit R3,2479.8050175999997,37,3,quit
0,SHARP Entry R3,2480.0052991999983,67,3,tentry
0,Reject R3,2480.140351999998,36,3,reject
0,R4 80% offer,2480.224985599995,55,4,80_offer
0,SHARP Entry R4,2480.856140799999,70,4,tentry
0,SHARP Accept R4,2481.0571391999947,71,4,enter
0,Enter R4,2482.692774399996,47,4,enter
0,Quit R4,2482.793011199996,49,4,quit
0,Enter R4,2483.7616383999957,47,4,enter
0,Quit R4,2483.8611711999997,49,4,quit
0,Enter R4,2483.8945791999995,47,4,enter
0,Quit R4,2484.027903999999,49,4,quit
0,Enter R4,2484.0605824000017,47,4,enter
0,Quit R4,2484.095705600001,49,4,quit
0,Enter R4,2484.2280832,47,4,enter
0,Quit R4,2484.7291264000014,49,4,quit
0,Enter R4,2484.761433600001,47,4,enter
0,Quit R4,2484.8628735999987,49,4,quit
0,Enter R4,2485.395686399996,47,4,enter
0,Quit R4,2494.2064127999993,49,4,quit
0,Reject R4,2494.4405503999965,48,4,reject
0,R1 20% offer,2494.4933247999998,18,1,20_offer
0,SHARP Entry R1,2494.9604992000013,61,1,tentry
0,SHARP Accept R1,2495.1603839999957,62,1,enter
0,Enter R1,2495.4265087999997,11,1,enter
0,SHARP Entry R1,2495.6935935999973,61,1,tentry
0,Quit R1,2497.0288127999975,13,1,quit
0,Reject R1,2497.296076799996,12,1,reject
0,R2 20% offer,2497.355110399999,30,2,20_offer
0,SHARP Entry R2,2497.8213759999944,64,2,tentry
0,SHARP Accept R2,2497.9882111999987,65,2,enter
0,SHARP Entry R2,2499.089779199995,64,2,tentry
0,Reject R2,2500.2252287999986,24,2,reject
0,R3 20% offer,2500.2624384000005,42,3,20_offer
0,SHARP Entry R3,2500.695782399997,67,3,tentry
0,SHARP Accept R3,2501.129408,68,3,enter
0,Enter R3,2501.430054399997,35,3,enter
0,Quit R3,2502.332134399995,37,3,quit
0,Reject R3,2506.604134399995,36,3,reject
0,R4 80% offer,2506.6537727999985,55,4,80_offer
0,SHARP Entry R4,2507.1867903999982,70,4,tentry
0,SHARP Accept R4,2507.2874751999975,71,4,enter
0,Enter R4,2507.6573951999994,47,4,enter
0,Quit R4,2507.8875648000017,49,4,quit
0,Enter R4,2509.256230399996,47,4,enter
0,Quit R4,2509.2888064000012,49,4,quit
0,Enter R4,2509.322316799998,47,4,enter
0,Quit R4,2514.4282751999945,49,4,quit
0,Reject R4,2514.696998399995,48,4,reject
0,R1 100% offer,2514.7502207999974,20,1,100_offer
0,SHARP Entry R1,2515.0504575999976,61,1,tentry
0,SHARP Accept R1,2515.4828927999956,62,1,enter
0,Enter R1,2515.7841535999996,11,1,enter
0,Servo 1 open,2516.786918399997,1,1,servo open
0,R1 reward taken,2517.968179200001,16,1,taken
0,SHARP Entry R1,2529.8331008,61,1,tentry
0,SHARP Accept R1,2530.6672896,62,1,enter
0,SHARP Entry R1,2531.7349887999967,61,1,tentry
0,SHARP Accept R1,2532.0684799999967,62,1,enter
0,SHARP Entry R1,2532.201971199997,61,1,tentry
0,Quit R1,2532.368678399995,13,1,quit
0,Reject R1,2532.6038271999955,12,1,reject
0,R2 80% offer,2532.6617984,31,2,80_offer
0,SHARP Entry R2,2533.162175999999,64,2,tentry
0,SHARP Accept R2,2533.3283583999946,65,2,enter
0,Enter R2,2533.7643391999973,23,2,enter
0,SHARP Accept R2,2534.797363200001,65,2,enter
0,Servo 2 open,2536.7683328000007,3,2,servo open
0,SHARP Accept R2,2537.0045951999946,65,2,enter
0,R2 reward taken,2541.0635392000004,28,2,taken
0,SHARP Accept R2,2544.9749631999953,65,2,enter
0,Quit R2,2557.523136,25,2,quit
0,Reject R2,2557.7244543999955,24,2,reject
0,R3 0% offer,2557.7289983999954,41,3,0_offer
0,SHARP Entry R3,2558.0950528,67,3,tentry
0,SHARP Accept R3,2558.2622463999987,68,3,enter
0,Enter R3,2558.6966911999957,35,3,enter
0,Quit R3,2560.0307584000006,37,3,quit
0,SHARP Entry R3,2560.063820799999,67,3,tentry
0,Reject R3,2563.8686975999995,36,3,reject
0,R4 100% offer,2563.951577599995,56,4,100_offer
0,SHARP Entry R4,2564.417433600001,70,4,tentry
0,SHARP Accept R4,2564.5512959999965,71,4,enter
0,Enter R4,2565.1193599999992,47,4,enter
0,Servo 4 open,2566.1215615999995,7,4,servo open
0,R4 reward taken,2569.2547456,52,4,taken
0,Quit R4,2584.0398335999994,49,4,quit
0,Reject R4,2584.2748288000003,48,4,reject
0,R1 80% offer,2584.2958079999985,19,1,80_offer
0,SHARP Entry R1,2584.7953535999955,61,1,tentry
0,SHARP Accept R1,2585.162291199997,62,1,enter
0,Enter R1,2585.396659199998,11,1,enter
0,SHARP Entry R1,2585.529126400001,61,1,tentry
0,Servo 1 open,2588.408678399995,1,1,servo open
0,R1 reward taken,2589.6218240000007,16,1,taken
0,SHARP Entry R1,2590.234956799999,61,1,tentry
0,SHARP Accept R1,2605.0181887999997,62,1,enter
0,SHARP Entry R1,2605.4524543999955,61,1,tentry
0,SHARP Accept R1,2605.586585599996,62,1,enter
0,SHARP Entry R1,2605.953113600001,61,1,tentry
0,SHARP Accept R1,2606.020057599999,62,1,enter
0,SHARP Entry R1,2606.2535679999964,61,1,tentry
0,SHARP Accept R1,2606.3869695999997,62,1,enter
0,SHARP Entry R1,2606.787430399999,61,1,tentry
0,Quit R1,2607.9226624,13,1,quit
0,Reject R1,2608.289663999997,12,1,reject
0,R2 80% offer,2608.616383999996,31,2,80_offer
0,SHARP Entry R2,2609.2829311999976,64,2,tentry
0,SHARP Accept R2,2609.649113600001,65,2,enter
0,Reject R2,2610.7177087999953,24,2,reject
0,R3 20% offer,2610.7554175999985,42,3,20_offer
0,SHARP Entry R3,2611.2556159999967,67,3,tentry
0,SHARP Accept R3,2611.455411199994,68,3,enter
0,Enter R3,2613.4574975999967,35,3,enter
0,SHARP Accept R3,2616.961702399999,68,3,enter
0,Quit R3,2617.864127999999,37,3,quit
0,Reject R3,2618.0301184,36,3,reject
0,R4 0% offer,2618.047987199999,53,4,0_offer
0,SHARP Entry R4,2618.5457536000013,70,4,tentry
0,SHARP Accept R4,2618.6461055999994,71,4,enter
0,Enter R4,2618.9143423999994,47,4,enter
0,Quit R4,2619.013785599999,49,4,quit
0,Enter R4,2619.379801600002,47,4,enter
0,Quit R4,2619.547660799995,49,4,quit
0,SHARP Accept R4,2620.2807808,71,4,enter
0,Reject R4,2620.3830015999974,48,4,reject
0,R1 100% offer,2620.4055935999972,20,1,100_offer
0,SHARP Entry R1,2620.9703552,61,1,tentry
0,SHARP Accept R1,2621.170841600001,62,1,enter
0,Enter R1,2621.4707327999995,11,1,enter
0,SHARP Entry R1,2621.604159999996,61,1,tentry
0,Servo 1 open,2622.4720639999955,1,1,servo open
0,R1 reward taken,2623.662783999994,16,1,taken
0,Quit R1,2637.021465599999,13,1,quit
0,Enter R1,2637.9250432000013,11,1,enter
0,Quit R1,2638.990835199997,13,1,quit
0,Reject R1,2639.6926719999983,12,1,reject
0,SHARP Accept R1,2639.7242624000014,62,1,enter
0,Reject R1,2639.7511423999963,12,1,reject
0,R2 100% offer,2639.7511295999957,32,2,100_offer
0,SHARP Entry R2,2640.2168319999946,64,2,tentry
0,SHARP Accept R2,2640.383705600001,65,2,enter
0,Enter R2,2640.7512959999963,23,2,enter
0,Servo 2 open,2641.7521920000017,3,2,servo open
0,R2 reward taken,2642.9893247999994,28,2,taken
0,SHARP Entry R2,2658.2048640000003,64,2,tentry
0,Quit R2,2663.3771647999956,25,2,quit
0,SHARP Entry R2,2663.7772927999945,64,2,tentry
0,SHARP Accept R2,2667.4153728,65,2,enter
0,Reject R2,2669.519270399995,24,2,reject
0,R3 80% offer,2670.0255231999977,43,3,80_offer
0,SHARP Entry R3,2670.6902783999963,67,3,tentry
0,Reject R3,2671.7247871999966,36,3,reject
0,R4 80% offer,2671.8406272,55,4,80_offer
0,SHARP Entry R4,2672.3394431999996,70,4,tentry
0,Reject R4,2672.840831999995,48,4,reject
0,R1 100% offer,2672.8967295999973,20,1,100_offer
0,SHARP Entry R1,2673.463398400001,61,1,tentry
0,SHARP Accept R1,2673.7300095999985,62,1,enter
0,Enter R1,2673.865523199998,11,1,enter
0,SHARP Entry R1,2674.130175999999,61,1,tentry
0,Servo 1 open,2674.877721599996,1,1,servo open
0,R1 reward taken,2676.161728,16,1,taken
0,Quit R1,2688.947059199996,13,1,quit
0,Reject R1,2689.3477760000005,12,1,reject
0,R2 20% offer,2689.3736191999988,30,2,20_offer
0,SHARP Entry R2,2689.7735168000013,64,2,tentry
0,SHARP Accept R2,2689.973734399997,65,2,enter
0,SHARP Entry R2,2690.341580799997,64,2,tentry
0,Enter R2,2690.3744895999953,23,2,enter
0,Quit R2,2694.8467584000005,25,2,quit
0,Reject R2,2695.180198399998,24,2,reject
0,R3 100% offer,2695.186803199999,44,3,100_offer
0,SHARP Entry R3,2695.518566399999,67,3,tentry
0,SHARP Accept R3,2695.8188544000013,68,3,enter
0,Enter R3,2696.720358399995,35,3,enter
0,SHARP Entry R3,2696.9193728,67,3,tentry
0,Servo 3 open,2697.735859200001,5,3,servo open
0,R3 reward taken,2700.7153024000004,40,3,taken
0,SHARP Accept R3,2723.784447999999,68,3,enter
0,Quit R3,2726.6536191999985,37,3,quit
0,Reject R3,2726.888499200001,36,3,reject
0,R4 20% offer,2726.9692031999975,54,4,20_offer
0,SHARP Entry R4,2727.4019455999955,70,4,tentry
0,SHARP Accept R4,2727.535603199996,71,4,enter
0,Enter R4,2727.9036543999987,47,4,enter
0,Quit R4,2729.037567999996,49,4,quit
0,Reject R4,2729.505791999996,48,4,reject
0,R1 100% offer,2729.528140799999,20,1,100_offer
0,SHARP Entry R1,2730.0613247999995,61,1,tentry
0,SHARP Accept R1,2730.428979199998,62,1,enter
0,Enter R1,2730.7620863999946,11,1,enter
0,SHARP Entry R1,2731.0619135999978,61,1,tentry
0,Servo 1 open,2731.7632767999994,1,1,servo open
0,R1 reward taken,2733.2567295999975,16,1,taken
0,SHARP Entry R1,2747.0137471999974,61,1,tentry
0,SHARP Accept R1,2753.4547327999994,62,1,enter
0,Quit R1,2757.225523199998,13,1,quit
0,Reject R1,2757.526374399997,12,1,reject
0,R2 20% offer,2757.5844736000004,30,2,20_offer
0,SHARP Entry R2,2758.1861759999993,64,2,tentry
0,SHARP Accept R2,2758.4183935999945,65,2,enter
0,SHARP Entry R2,2759.620287999995,64,2,tentry
0,Reject R2,2759.7878655999975,24,2,reject
0,R3 0% offer,2760.025433600001,41,3,0_offer
0,SHARP Entry R3,2760.9257983999996,67,3,tentry
0,SHARP Accept R3,2761.3602175999954,68,3,enter
0,SHARP Entry R3,2766.198566399999,67,3,tentry
0,SHARP Accept R3,2766.399552000001,68,3,enter
0,SHARP Entry R3,2766.3996159999965,67,3,tentry
0,SHARP Accept R3,2766.5327871999966,68,3,enter
0,SHARP Entry R3,2766.567859200001,67,3,tentry
0,SHARP Accept R3,2766.632678399995,68,3,enter
0,Reject R3,2768.2359807999956,36,3,reject
0,R4 80% offer,2768.3164543999956,55,4,80_offer
0,SHARP Entry R4,2768.8157184000015,70,4,tentry
0,SHARP Accept R4,2768.983129599996,71,4,enter
0,Enter R4,2769.9835903999956,47,4,enter
0,R4 no-reward tone,2772.9938687999993,51,4,noreward
0,Quit R4,2777.759014399998,49,4,quit
0,Enter R4,2777.9265279999972,47,4,enter
0,Quit R4,2781.0974464000014,49,4,quit
0,Reject R4,2781.8312575999944,48,4,reject
0,R1 20% offer,2781.8566015999986,18,1,20_offer
0,SHARP Entry R1,2782.355903999999,61,1,tentry
0,SHARP Accept R1,2782.554252799995,62,1,enter
0,Enter R1,2782.8212991999985,11,1,enter
0,SHARP Entry R1,2783.189068799995,61,1,tentry
0,Quit R1,2783.855859200001,13,1,quit
0,Reject R1,2784.2903423999996,12,1,reject
0,R2 80% offer,2784.3488768000007,31,2,80_offer
0,SHARP Entry R2,2784.8492544,64,2,tentry
0,SHARP Accept R2,2785.1494655999986,65,2,enter
0,Reject R2,2785.617817599997,24,2,reject
0,R3 0% offer,2785.655552000001,41,3,0_offer
0,SHARP Entry R3,2786.0546687999963,67,3,tentry
0,SHARP Accept R3,2786.388889600001,68,3,enter
0,Enter R3,2791.5625088,35,3,enter
0,Quit R3,2792.7957119999974,37,3,quit
0,Enter R3,2792.9301631999983,35,3,enter
0,Quit R3,2792.9633024000004,37,3,quit
0,Enter R3,2792.996646399997,35,3,enter
0,Quit R3,2793.0966400000007,37,3,quit
0,Enter R3,2793.3311488000004,35,3,enter
0,Quit R3,2793.4312063999996,37,3,quit
0,SHARP Entry R3,2793.6644736000003,67,3,tentry
0,Reject R3,2795.5326975999997,36,3,reject
0,SHARP Entry R3,2795.665907200001,67,3,tentry
0,Reject R3,2796.250265599996,36,3,reject
0,R4 20% offer,2796.2491775999965,54,4,20_offer
0,SHARP Entry R4,2796.7471488000006,70,4,tentry
0,SHARP Accept R4,2796.8809343999997,71,4,enter
0,Enter R4,2797.1827071999983,47,4,enter
0,Quit R4,2798.850406399995,49,4,quit
0,Reject R4,2799.184383999996,48,4,reject
0,R1 0% offer,2799.2416000000017,17,1,0_offer
0,SHARP Entry R1,2799.7409023999944,61,1,tentry
0,SHARP Accept R1,2800.0080639999956,62,1,enter
0,Enter R1,2800.2740991999954,11,1,enter
0,SHARP Entry R1,2802.2101631999985,61,1,tentry
0,Quit R1,2802.3772927999944,13,1,quit
0,SHARP Entry R1,2802.4440832,61,1,tentry
0,Reject R1,2802.6779648,12,1,reject
0,R2 80% offer,2802.736409599997,31,2,80_offer
0,SHARP Entry R2,2803.1369983999953,64,2,tentry
0,SHARP Accept R2,2803.270502399996,65,2,enter
0,Enter R2,2803.503295999996,23,2,enter
0,SHARP Entry R2,2803.570879999995,64,2,tentry
0,Servo 2 open,2806.5186687999962,3,2,servo open
0,R2 reward taken,2808.2325119999946,28,2,taken
0,SHARP Accept R2,2824.8944767999947,65,2,enter
0,Quit R2,2864.7730176,25,2,quit
0,Reject R2,2864.9079296000004,24,2,reject
0,R3 20% offer,2864.9127936000004,42,3,20_offer
0,SHARP Entry R3,2865.1117951999977,67,3,tentry
0,SHARP Accept R3,2865.178214400001,68,3,enter
0,Enter R3,2865.2455040000004,35,3,enter
0,SHARP Accept R3,2868.9164288000015,68,3,enter
0,R3 no-reward tone,2870.255641599998,39,3,noreward
0,Quit R3,2873.354764799997,37,3,quit
0,SHARP Entry R3,2874.4559615999983,67,3,tentry
0,Reject R3,2882.5650304000005,36,3,reject
0,R4 20% offer,2882.614259199999,54,4,20_offer
0,SHARP Entry R4,2883.3122559999974,70,4,tentry
0,SHARP Accept R4,2883.5460991999953,71,4,enter
0,SHARP Entry R4,2884.3145344000013,70,4,tentry
0,Enter R4,2892.223155199997,47,4,enter
0,Quit R4,2894.7260031999945,49,4,quit
0,Reject R4,2894.9586943999975,48,4,reject
0,R1 100% offer,2895.016601599999,20,1,100_offer
0,SHARP Entry R1,2895.449702399999,61,1,tentry
0,SHARP Accept R1,2895.816857599996,62,1,enter
0,Enter R1,2896.0835327999966,11,1,enter
0,Servo 1 open,2897.085068799995,1,1,servo open
0,R1 reward taken,2898.7418368000017,16,1,taken
0,Quit R1,2901.1896447999998,13,1,quit
0,Reject R1,2901.524825599998,12,1,reject
0,R2 20% offer,2901.5822207999972,30,2,20_offer
0,SHARP Entry R2,2901.882841600001,64,2,tentry
0,SHARP Accept R2,2902.049484799996,65,2,enter
0,SHARP Entry R2,2902.2489087999984,64,2,tentry
0,SHARP Accept R2,2902.7494912,65,2,enter
0,Reject R2,2903.1173759999947,24,2,reject
0,R3 80% offer,2903.156799999997,43,3,80_offer
0,Reject R3,2903.4845824000017,36,3,reject
0,SHARP Entry R3,2904.6237695999966,67,3,tentry
0,SHARP Accept R3,2905.9918079999984,68,3,enter
0,Enter R3,2906.491839999996,35,3,enter
0,SHARP Entry R3,2907.293209600002,67,3,tentry
0,SHARP Accept R3,2919.9422848000004,68,3,enter
0,SHARP Entry R3,2922.2436352000013,67,3,tentry
0,Quit R3,2922.977305599995,37,3,quit
0,Reject R3,2924.026111999996,36,3,reject
0,R4 20% offer,2924.025855999999,54,4,20_offer
0,SHARP Entry R4,2924.691878399998,70,4,tentry
0,SHARP Accept R4,2924.926131200001,71,4,enter
0,Enter R4,2925.2266624,47,4,enter
0,R4 no-reward tone,2930.2387712000013,51,4,noreward
0,Quit R4,2934.2375679999964,49,4,quit
0,Reject R4,2936.4748288,48,4,reject
0,R1 100% offer,2936.4972287999985,20,1,100_offer
0,SHARP Entry R1,2937.0634367999955,61,1,tentry
0,Reject R1,2937.764659199998,12,1,reject
0,R2 20% offer,2937.7907199999986,30,2,20_offer
0,SHARP Entry R2,2938.256716799997,64,2,tentry
0,SHARP Accept R2,2938.4244992000013,65,2,enter
0,SHARP Entry R2,2938.9579263999985,64,2,tentry
0,Enter R2,2939.4591103999987,23,2,enter
0,Quit R2,2942.3616895999985,25,2,quit
0,Reject R2,2942.5297151999994,24,2,reject
0,R3 100% offer,2942.534054399997,44,3,100_offer
0,SHARP Entry R3,2942.966540799998,67,3,tentry
0,SHARP Accept R3,2943.1677184000014,68,3,enter
0,Enter R3,2943.4674431999997,35,3,enter
0,SHARP Entry R3,2944.435315200001,67,3,tentry
0,Servo 3 open,2944.468467199996,5,3,servo open
0,SHARP Entry R3,2944.6695551999956,67,3,tentry
0,R3 reward taken,2945.784383999996,40,3,taken
0,SHARP Entry R3,2963.3905791999996,67,3,tentry
0,Quit R3,2987.8510847999974,37,3,quit
0,Reject R3,2989.019980799995,36,3,reject
0,R4 100% offer,2989.1999487999974,56,4,100_offer
0,SHARP Entry R4,2993.870451200001,70,4,tentry
0,SHARP Accept R4,2994.071001599997,71,4,enter
0,Reject R4,2994.8727039999962,48,4,reject
0,R1 20% offer,2994.931558399998,18,1,20_offer
0,SHARP Entry R1,2995.4302591999995,61,1,tentry
0,SHARP Accept R1,2995.6305791999994,62,1,enter
0,Enter R1,2995.8303104000015,11,1,enter
0,SHARP Entry R1,2996.2642431999966,61,1,tentry
0,Quit R1,2996.264383999996,13,1,quit
0,SHARP Entry R1,2996.4644607999994,61,1,tentry
0,Reject R1,2996.7659007999973,12,1,reject
0,R2 100% offer,2996.7911167999955,32,2,100_offer
0,SHARP Entry R2,2997.2246655999943,64,2,tentry
0,SHARP Accept R2,2997.3577215999962,65,2,enter
0,Reject R2,2998.026918399997,24,2,reject
0,R3 0% offer,2998.0309887999965,41,3,0_offer
0,SHARP Entry R3,2998.4300799999983,67,3,tentry
0,SHARP Accept R3,2998.5642751999944,68,3,enter
0,SHARP Entry R3,2998.8648703999966,67,3,tentry
0,Enter R3,3005.672703999996,35,3,enter
0,SHARP Entry R3,3005.805401599996,67,3,tentry
0,SHARP Accept R3,3011.6121343999953,68,3,enter
0,R3 no-reward tone,3012.689587200001,39,3,noreward
0,SHARP Accept R3,3013.0129919999986,68,3,enter
0,Quit R3,3020.0552063999994,37,3,quit
0,Enter R3,3020.421606399998,35,3,enter
0,Quit R3,3020.4568703999967,37,3,quit
0,Enter R3,3020.488435199998,35,3,enter
0,Quit R3,3020.522111999996,37,3,quit
0,Enter R3,3020.688563199997,35,3,enter
0,Quit R3,3021.0222207999973,37,3,quit
0,Enter R3,3021.724531199999,35,3,enter
0,SHARP Accept R3,3021.891251199998,68,3,enter
0,Quit R3,3026.4621184000002,37,3,quit
0,Reject R3,3026.8968831999973,36,3,reject
0,R4 20% offer,3026.941759999998,54,4,20_offer
0,SHARP Entry R4,3027.375283199996,70,4,tentry
0,SHARP Accept R4,3027.4418815999998,71,4,enter
0,Enter R4,3027.7086335999966,47,4,enter
0,SHARP Accept R4,3031.3122943999992,71,4,enter
0,Quit R4,3032.382348799996,49,4,quit
0,Reject R4,3032.5480703999997,48,4,reject
0,R1 0% offer,3032.5744256,17,1,0_offer
0,SHARP Entry R1,3033.4069631999955,61,1,tentry
0,SHARP Accept R1,3033.6406272,62,1,enter
0,Reject R1,3034.4105344000013,12,1,reject
0,R2 100% offer,3034.4685824000017,32,2,100_offer
0,SHARP Entry R2,3034.9002496000007,64,2,tentry
0,SHARP Accept R2,3035.067583999999,65,2,enter
0,SHARP Entry R2,3035.368409599997,64,2,tentry
0,Enter R2,3035.368652800001,23,2,enter
0,Servo 2 open,3036.370175999999,3,2,servo open
0,R2 reward taken,3037.8461055999996,28,2,taken
0,Quit R2,3040.7401727999973,25,2,quit
0,Enter R2,3040.773683200002,23,2,enter
0,Quit R2,3041.4087808,25,2,quit
0,SHARP Accept R2,3042.409151999995,65,2,enter
0,Reject R2,3042.5107327999995,24,2,reject
0,R3 100% offer,3042.548505599998,44,3,100_offer
0,SHARP Entry R3,3043.181452799998,67,3,tentry
0,SHARP Accept R3,3043.549247999996,68,3,enter
0,Enter R3,3044.2828288,35,3,enter
0,Servo 3 open,3045.295935999997,5,3,servo open
0,R3 reward taken,3046.9318655999973,40,3,taken
0,Quit R3,3060.5022207999973,37,3,quit
0,Enter R3,3060.5350528,35,3,enter
0,Quit R3,3060.8012544,37,3,quit
0,Enter R3,3060.9690751999988,35,3,enter
0,Quit R3,3061.0011136000007,37,3,quit
0,Enter R3,3061.034623999998,35,3,enter
0,Quit R3,3061.1022207999977,37,3,quit
0,Enter R3,3064.1720063999965,35,3,enter
0,Quit R3,3067.2751103999985,37,3,quit
0,SHARP Entry R3,3069.6462463999987,67,3,tentry
0,Reject R3,3072.21568,36,3,reject
0,R4 0% offer,3072.293209600002,53,4,0_offer
0,SHARP Entry R4,3072.6941440000014,70,4,tentry
0,Reject R4,3073.0946687999963,48,4,reject
0,R1 20% offer,3073.153740800001,18,1,20_offer
0,SHARP Entry R1,3073.6863487999963,61,1,tentry
0,Reject R1,3074.3550207999947,12,1,reject
0,R2 80% offer,3074.4127487999945,31,2,80_offer
0,SHARP Entry R2,3074.845759999998,64,2,tentry
0,Reject R2,3075.380646399997,24,2,reject
0,R3 20% offer,3075.454796799995,42,3,20_offer
0,SHARP Entry R3,3075.953971199997,67,3,tentry
0,SHARP Accept R3,3076.219366399996,68,3,enter
0,Enter R3,3076.5196671999993,35,3,enter
0,SHARP Entry R3,3078.1876863999964,67,3,tentry
0,R3 no-reward tone,3081.5358079999983,39,3,noreward
0,SHARP Accept R3,3147.333273599997,68,3,enter
0,Quit R3,3149.6703104000017,37,3,quit
0,SHARP Entry R3,3150.103014399998,67,3,tentry
0,SHARP Accept R3,3156.7438464,68,3,enter
0,Reject R3,3156.811635200001,36,3,reject
0,R4 80% offer,3156.8888447999952,55,4,80_offer
0,SHARP Entry R4,3157.2889087999984,70,4,tentry
0,SHARP Accept R4,3157.3885568000005,71,4,enter
0,Enter R4,3157.8226303999945,47,4,enter
0,Servo 4 open,3160.824960000001,7,4,servo open
0,Quit R4,3162.4280704,49,4,quit
0,Enter R4,3162.4609407999965,47,4,enter
0,R4 reward taken,3162.5969023999946,52,4,taken
0,SHARP Accept R4,3186.255129599996,71,4,enter
0,Quit R4,3199.0039679999945,49,4,quit
0,Reject R4,3199.1371264000013,48,4,reject
0,R1 20% offer,3199.1645824000016,18,1,20_offer
0,SHARP Entry R1,3199.496767999999,61,1,tentry
0,Reject R1,3200.1976448,12,1,reject
0,R2 20% offer,3200.257625599995,30,2,20_offer
0,SHARP Entry R2,3200.6568959999977,64,2,tentry
0,SHARP Accept R2,3200.8235775999947,65,2,enter
0,Enter R2,3201.523967999995,23,2,enter
0,SHARP Entry R2,3203.525683200002,64,2,tentry
0,Quit R2,3203.761075199999,25,2,quit
0,Reject R2,3203.9941759999992,24,2,reject
0,R3 100% offer,3203.9985279999973,44,3,100_offer
0,SHARP Entry R3,3204.397977600001,67,3,tentry
0,SHARP Accept R3,3204.564915199995,68,3,enter
0,Enter R3,3204.8318720000016,35,3,enter
0,SHARP Entry R3,3204.965465599999,67,3,tentry
0,Servo 3 open,3205.833484799996,5,3,servo open
0,R3 reward taken,3207.5503487999963,40,3,taken
0,SHARP Entry R3,3225.355340799995,67,3,tentry
0,Quit R3,3234.7345535999984,37,3,quit
0,Reject R3,3235.0004607999995,36,3,reject
0,R4 0% offer,3235.0786943999974,53,4,0_offer
0,SHARP Entry R4,3235.5436287999974,70,4,tentry
0,SHARP Accept R4,3235.6775168000013,71,4,enter
0,Enter R4,3236.0110080000013,47,4,enter
0,Quit R4,3236.5121535999997,49,4,quit
0,Reject R4,3237.08,48,4,reject
0,R1 0% offer,3237.107468800001,17,1,0_offer
0,SHARP Entry R1,3237.6066943999977,61,1,tentry
0,SHARP Accept R1,3237.840857599996,62,1,enter
0,Enter R1,3238.142310400002,11,1,enter
0,SHARP Entry R1,3238.174681599997,61,1,tentry
0,SHARP Accept R1,3242.4459519999996,62,1,enter
0,Quit R1,3242.679449599996,13,1,quit
0,Reject R1,3242.779724799998,12,1,reject
0,R2 80% offer,3242.8058623999955,31,2,80_offer
0,SHARP Entry R2,3243.204172799997,64,2,tentry
0,SHARP Accept R2,3243.338470399998,65,2,enter
0,Reject R2,3243.7056000000016,24,2,reject
0,R3 0% offer,3243.7435903999954,41,3,0_offer
0,SHARP Entry R3,3244.3105151999966,67,3,tentry
0,SHARP Accept R3,3244.5110656,68,3,enter
0,Enter R3,3244.7112063999994,35,3,enter
0,SHARP Accept R3,3248.782771200001,68,3,enter
0,Quit R3,3251.1189376000016,37,3,quit
0,Enter R3,3251.886707199998,35,3,enter
0,SHARP Accept R3,3252.086297600001,68,3,enter
0,SHARP Entry R3,3262.7663743999974,67,3,tentry
0,Quit R3,3263.0318720000014,37,3,quit
0,SHARP Accept R3,3264.500351999998,68,3,enter
0,Reject R3,3270.0740480000004,36,3,reject
0,R4 100% offer,3270.2520319999976,56,4,100_offer
0,SHARP Entry R4,3271.9517695999966,70,4,tentry
0,SHARP Accept R4,3272.5538687999992,71,4,enter
0,Reject R4,3273.2878847999946,48,4,reject
0,R1 80% offer,3273.3501184,19,1,80_offer
0,SHARP Entry R1,3274.082547199994,61,1,tentry
0,SHARP Accept R1,3274.382195199996,62,1,enter
0,Enter R1,3274.683174400002,11,1,enter
0,R1 no-reward tone,3277.6973183999958,15,1,noreward
0,SHARP Entry R1,3281.9239296000005,61,1,tentry
0,Quit R1,3285.695462399997,13,1,quit
0,Reject R1,3286.0621055999995,12,1,reject
0,R2 0% offer,3286.1202559999974,29,2,0_offer
0,SHARP Entry R2,3286.5212672000007,64,2,tentry
0,SHARP Accept R2,3286.8214655999986,65,2,enter
0,SHARP Entry R2,3287.288230399996,64,2,tentry
0,Reject R2,3287.6223359999954,24,2,reject
0,R3 20% offer,3287.727756799996,42,3,20_offer
0,Reject R3,3287.990374399997,36,3,reject
0,SHARP Entry R3,3288.2946943999978,67,3,tentry
0,SHARP Accept R3,3288.6614912,68,3,enter
0,Enter R3,3289.029542399995,35,3,enter
0,Quit R3,3299.740761599995,37,3,quit
0,SHARP Entry R3,3299.907123199999,67,3,tentry
0,Reject R3,3301.152409599997,36,3,reject
0,R4 0% offer,3301.152115199998,53,4,0_offer
0,SHARP Entry R4,3301.6859391999988,70,4,tentry
0,SHARP Accept R4,3301.852761599995,71,4,enter
0,Enter R4,3302.086592,47,4,enter
0,R4 no-reward tone,3309.103308799997,51,4,noreward
0,SHARP Accept R4,3311.062796799995,71,4,enter
0,Reject R4,3314.333247999996,48,4,reject
0,Quit R4,3315.567449599996,49,4,quit
0,Enter R4,3315.6009472,47,4,enter
0,Quit R4,3315.701759999998,49,4,quit
0,SHARP Accept R4,3315.9344640000018,71,4,enter
0,Enter R4,3324.378598399997,47,4,enter
0,SHARP Accept R4,3324.778649599999,71,4,enter
0,Quit R4,3325.245631999999,49,4,quit
0,R1 20% offer,3329.947788800001,18,1,20_offer
0,SHARP Entry R1,3330.2459648000004,61,1,tentry
0,Reject R1,3330.880230399996,12,1,reject
0,R2 20% offer,3330.9714431999996,30,2,20_offer
0,SHARP Entry R2,3331.471667199999,64,2,tentry
0,SHARP Accept R2,3331.6717184000017,65,2,enter
0,Reject R2,3332.1729023999947,24,2,reject
0,R3 20% offer,3332.211507199995,42,3,20_offer
0,SHARP Entry R3,3332.6781184,67,3,tentry
0,SHARP Accept R3,3332.945791999996,68,3,enter
0,Enter R3,3333.2127487999946,35,3,enter
0,R3 no-reward tone,3338.224985599995,39,3,noreward
0,SHARP Entry R3,3346.6274816000014,67,3,tentry
0,SHARP Accept R3,3355.637311999999,68,3,enter
0,Quit R3,3358.7413248,37,3,quit
0,SHARP Accept R3,3358.840921599999,68,3,enter
0,Enter R3,3360.1765375999958,35,3,enter
0,SHARP Accept R3,3360.5112063999995,68,3,enter
0,Quit R3,3363.8469376000016,37,3,quit
0,Reject R3,3363.983782399997,36,3,reject
0,R4 80% offer,3364.023270399995,55,4,80_offer
0,SHARP Entry R4,3364.4225920000003,70,4,tentry
0,SHARP Accept R4,3364.5233791999967,71,4,enter
0,Enter R4,3364.924953599997,47,4,enter
0,Servo 4 open,3367.9276287999974,7,4,servo open
0,R4 reward taken,3369.582374399997,52,4,taken
0,Quit R4,3382.2438911999984,49,4,quit
0,SHARP Accept R4,3384.1782527999953,71,4,enter
0,Reject R4,3384.2141184,48,4,reject
0,R1 0% offer,3384.277235199995,17,1,0_offer
0,SHARP Entry R1,3384.6749055999962,61,1,tentry
0,SHARP Accept R1,3385.242265599996,62,1,enter
0,Enter R1,3385.6431488000007,11,1,enter
0,Quit R1,3385.7090304000003,13,1,quit
0,Reject R1,3386.7106943999975,12,1,reject
0,R2 100% offer,3386.7685247999952,32,2,100_offer
0,SHARP Entry R2,3387.1683967999966,64,2,tentry
0,SHARP Accept R2,3387.3355648000015,65,2,enter
0,Enter R2,3387.7359231999963,23,2,enter
0,SHARP Entry R2,3387.935935999997,64,2,tentry
0,Servo 2 open,3388.7473791999964,3,2,servo open
0,R2 reward taken,3391.157759999998,28,2,taken
0,Quit R2,3392.9085311999993,25,2,quit
0,SHARP Accept R2,3393.8761599999966,65,2,enter
0,Reject R2,3393.911078400001,24,2,reject
0,R3 20% offer,3393.9161088000014,42,3,20_offer
0,SHARP Entry R3,3394.3145088,67,3,tentry
0,SHARP Accept R3,3394.614950399995,68,3,enter
0,Enter R3,3394.9822848000003,35,3,enter
0,SHARP Entry R3,3395.7504640000016,67,3,tentry
0,R3 no-reward tone,3399.996531199999,39,3,noreward
0,SHARP Entry R3,3409.398592,67,3,tentry
0,SHARP Accept R3,3409.9011455999985,68,3,enter
0,SHARP Entry R3,3409.9992831999957,67,3,tentry
0,SHARP Accept R3,3413.303820799999,68,3,enter
0,SHARP Entry R3,3414.8383743999975,67,3,tentry
0,SHARP Accept R3,3415.6397823999973,68,3,enter
0,Quit R3,3415.9394943999946,37,3,quit
0,Reject R3,3416.2074111999946,36,3,reject
0,R4 80% offer,3416.319039999999,55,4,80_offer
0,SHARP Entry R4,3416.848588799998,70,4,tentry
0,SHARP Accept R4,3416.948953599997,71,4,enter
0,Enter R4,3417.217215999998,47,4,enter
0,Quit R4,3417.4834816000016,49,4,quit
0,Enter R4,3417.7832320000007,47,4,enter
0,Quit R4,3417.817343999997,49,4,quit
0,Enter R4,3418.017523199998,47,4,enter
0,SHARP Accept R4,3425.358527999997,71,4,enter
0,Quit R4,3428.662348799996,49,4,quit
0,Enter R4,3428.8290432000013,47,4,enter
0,Quit R4,3428.8966655999943,49,4,quit
0,Reject R4,3429.932096000001,48,4,reject
0,R1 100% offer,3429.9603328000007,20,1,100_offer
0,SHARP Entry R1,3430.4267519999967,61,1,tentry
0,SHARP Accept R1,3430.8275583999975,62,1,enter
0,Enter R1,3431.0287104000004,11,1,enter
0,Servo 1 open,3432.0305407999977,1,1,servo open
0,R1 reward taken,3433.2600703999997,16,1,taken
0,SHARP Entry R1,3451.5178623999955,61,1,tentry
0,Quit R1,3455.522368000001,13,1,quit
0,SHARP Accept R1,3455.9895040000006,62,1,enter
0,Reject R1,3456.1570047999994,12,1,reject
0,R2 0% offer,3456.2143615999967,29,2,0_offer
0,SHARP Entry R2,3456.814527999997,64,2,tentry
0,SHARP Accept R2,3457.114739199996,65,2,enter
0,SHARP Entry R2,3457.1814015999958,64,2,tentry
0,Reject R2,3457.4490111999958,24,2,reject
0,SHARP Accept R2,3522.624025600001,65,2,enter
0,R3 0% offer,3457.521292799994,41,3,0_offer
0,SHARP Entry R3,3458.0541184,67,3,tentry
0,Reject R3,3458.655552000001,36,3,reject
0,R4 0% offer,3458.8652159999983,53,4,0_offer
0,SHARP Entry R4,3459.4323967999967,70,4,tentry
0,SHARP Accept R4,3459.531366399996,71,4,enter
0,Enter R4,3459.765286399998,47,4,enter
0,R4 no-reward tone,3466.7707647999973,51,4,noreward
0,Quit R4,3471.978713599995,49,4,quit
0,Enter R4,3475.449625599995,47,4,enter
0,SHARP Accept R4,3481.6901247999967,71,4,enter
0,Quit R4,3497.2398847999943,49,4,quit
0,SHARP Entry R4,3497.3401215999947,70,4,tentry
0,Reject R4,3498.4340352,48,4,reject
0,Reject R3,3458.8653823999985,36,3,reject
0,SHARP Accept R3,3498.7008511999993,68,3,enter
0,Enter R3,3498.8676224000005,35,3,enter
0,Quit R3,3503.906867199995,37,3,quit
0,SHARP Entry R3,3505.5416319999995,67,3,tentry
0,SHARP Entry R3,3538.479628799997,67,3,tentry
0,SHARP Accept R3,3538.746124799997,68,3,enter
0,Enter R3,3539.014015999995,35,3,enter
0,SHARP Entry R3,3540.7152383999974,67,3,tentry
0,Quit R3,3544.686566399999,37,3,quit
0,SHARP Entry R3,3544.820416000001,67,3,tentry
0,Enter R3,3545.022259199999,35,3,enter
0,Quit R3,3545.2533887999953,37,3,quit
0,SHARP Entry R3,3545.4207871999965,67,3,tentry
0,Enter R3,3546.488435199998,35,3,enter
0,Quit R3,3546.6561279999987,37,3,quit
0,Enter R3,3546.8565119999944,35,3,enter
0,Quit R3,3546.8887551999987,37,3,quit
0,Enter R3,3547.489484799996,35,3,enter
0,Quit R3,3547.5230207999944,37,3,quit
0,Enter R3,3547.6232192,35,3,enter
0,Quit R3,3547.656857599996,37,3,quit
0,Enter R3,3548.1572607999965,35,3,enter
0,Quit R3,3548.1911935999988,37,3,quit
0,Enter R3,3548.2234367999954,35,3,enter
0,Quit R3,3548.257126400001,37,3,quit
0,Enter R3,3548.3918847999944,35,3,enter
0,Quit R3,3548.5582207999973,37,3,quit
0,Enter R3,3548.658150399998,35,3,enter
0,Quit R3,3548.691008000001,37,3,quit
0,Enter R3,3548.7577599999977,35,3,enter
0,Quit R3,3548.7925503999963,37,3,quit
0,Enter R3,3548.958489599995,35,3,enter
0,Quit R3,3548.9952896,37,3,quit
0,Enter R3,3549.225305599995,35,3,enter
0,Quit R3,3549.260211199999,37,3,quit
0,Enter R3,3549.2934783999995,35,3,enter
0,Quit R3,3549.326259199999,37,3,quit
0,Enter R3,3549.5252991999982,35,3,enter
0,Quit R3,3549.5601920000017,37,3,quit
0,Enter R3,3549.659814399995,35,3,enter
0,Quit R3,3549.692838399999,37,3,quit
0,Enter R3,3549.793036799997,35,3,enter
0,Quit R3,3549.8597247999983,37,3,quit
0,Enter R3,3549.8923775999992,35,3,enter
0,Quit R3,3549.992921599999,37,3,quit
0,Enter R3,3550.0263039999977,35,3,enter
0,Quit R3,3550.0617983999996,37,3,quit
0,Enter R3,3550.1264767999946,35,3,enter
0,Quit R3,3550.193523199998,37,3,quit
0,Enter R3,3550.259686399996,35,3,enter
0,Quit R3,3550.4268544000015,37,3,quit
0,Enter R3,3550.493670400001,35,3,enter
0,Quit R3,3550.5268735999985,37,3,quit
0,Enter R3,3550.5944191999956,35,3,enter
0,Quit R3,3550.727180799998,37,3,quit
0,Enter R3,3550.7947263999954,35,3,enter
0,Quit R3,3550.9282815999986,37,3,quit
0,Enter R3,3550.9939199999944,35,3,enter
0,Quit R3,3551.2305151999967,37,3,quit
0,Enter R3,3551.2628223999964,35,3,enter
0,Quit R3,3551.295167999998,37,3,quit
0,Enter R3,3551.328921599999,35,3,enter
0,Quit R3,3551.3609728000015,37,3,quit
0,Enter R3,3551.394175999999,35,3,enter
0,Quit R3,3551.629350400001,37,3,quit
0,Enter R3,3551.6619776000007,35,3,enter
0,Quit R3,3552.195123199999,37,3,quit
0,Enter R3,3552.2285824000014,35,3,enter
0,SHARP Entry R3,3552.5297919999957,67,3,tentry
0,Quit R3,3553.4640383999945,37,3,quit
0,SHARP Accept R3,3563.7747327999996,68,3,enter
0,Reject R4,3568.6901631999986,48,4,reject
0,SHARP Entry R4,3570.923507199995,70,4,tentry
0,SHARP Accept R4,3571.290777599998,71,4,enter
0,Enter R4,3571.891404799998,47,4,enter
0,Quit R4,3572.592268799998,49,4,quit
0,SHARP Entry R4,3574.7943039999977,70,4,tentry
0,SHARP Accept R4,3582.269068799995,71,4,enter
0,SHARP Entry R4,3586.3408896000014,70,4,tentry
0,SHARP Accept R4,3586.3743359999953,71,4,enter
0,SHARP Entry R4,3586.8094079999996,70,4,tentry
0,SHARP Accept R3,3604.5545855999962,68,3,enter
0,SHARP Entry R3,3608.5266431999953,67,3,tentry
0,R1 80% offer,3629.7229311999977,19,1,80_offer
0,SHARP Entry R1,3630.255014399998,61,1,tentry
0,SHARP Accept R1,3630.489638399996,62,1,enter
0,Enter R1,3630.688985599995,11,1,enter
0,R1 no-reward tone,3633.6946943999974,15,1,noreward
0,SHARP Accept R1,3643.870604800001,62,1,enter
0,Quit R1,3646.040716799997,13,1,quit
0,Reject R1,3646.2412544,12,1,reject
0,SHARP Entry R2,3646.7981312000006,64,2,tentry
0,SHARP Accept R2,3646.997542399995,65,2,enter
0,Enter R2,3647.5006335999965,23,2,enter
0,SHARP Entry R2,3647.732364799999,64,2,tentry
0,Servo 2 open,3648.5120383999943,3,2,servo open
0,SHARP Entry R2,3648.532876800001,64,2,tentry
0,SHARP Accept R2,3650.3711359999998,65,2,enter
0,Quit R2,3651.337408,25,2,quit
0,SHARP Accept R2,3651.6054783999994,65,2,enter
0,Reject R2,3651.7714175999986,24,2,reject
0,R3 80% offer,3651.7759487999974,43,3,80_offer
0,SHARP Entry R3,3652.576742399998,67,3,tentry
0,SHARP Accept R3,3652.9441407999993,68,3,enter
0,Enter R3,3653.210777599998,35,3,enter
0,Servo 3 open,3656.213056000002,5,3,servo open
0,R3 reward taken,3657.561011199996,40,3,taken
0,Quit R3,3679.4732927999944,37,3,quit
0,Enter R3,3679.775334399998,35,3,enter
0,Quit R3,3679.8086143999994,37,3,quit
0,Enter R3,3680.8083456000013,35,3,enter
0,Quit R3,3687.0485119999944,37,3,quit
0,Reject R3,3687.323545599997,36,3,reject
0,R4 20% offer,3687.391078400001,54,4,20_offer
0,SHARP Entry R4,3687.9243775999994,70,4,tentry
0,SHARP Accept R4,3688.056742399998,71,4,enter
0,Enter R4,3688.4566143999996,47,4,enter
0,Quit R4,3688.491391999997,49,4,quit
0,Enter R4,3688.5573632000014,47,4,enter
0,Quit R4,3688.658431999996,49,4,quit
0,Enter R4,3688.8583680000006,47,4,enter
0,Quit R4,3697.2329600000007,49,4,quit
0,Reject R4,3697.500799999997,48,4,reject
0,R1 0% offer,3697.534451200001,17,1,0_offer
0,SHARP Entry R1,3697.865369599998,61,1,tentry
0,SHARP Accept R1,3698.4007936000003,62,1,enter
0,Reject R1,3699.1354367999957,12,1,reject
0,R2 0% offer,3699.1586687999966,29,2,0_offer
0,SHARP Entry R2,3699.6259583999963,64,2,tentry
0,Reject R2,3700.1260671999976,24,2,reject
0,R3 100% offer,3700.1657727999986,44,3,100_offer
0,SHARP Entry R3,3700.6307327999994,67,3,tentry
0,SHARP Accept R3,3700.7974143999963,68,3,enter
0,Enter R3,3701.098022399999,35,3,enter
0,Quit R3,3701.131391999997,37,3,quit
0,Enter R3,3701.1647487999944,35,3,enter
0,Quit R3,3713.178777599998,37,3,quit
0,Reject R3,3713.3462016000003,36,3,reject
0,R4 0% offer,3713.420774399996,53,4,0_offer
0,SHARP Entry R4,3714.419801600002,70,4,tentry
0,SHARP Accept R4,3715.1195648000016,71,4,enter
0,Enter R4,3715.453350400001,47,4,enter
0,R4 no-reward tone,3722.457484799996,51,4,noreward
0,Quit R4,3722.828953599997,49,4,quit
0,Reject R4,3722.9966719999984,48,4,reject
0,R1 0% offer,3723.0287104000004,17,1,0_offer
0,SHARP Entry R1,3723.6621184,61,1,tentry
0,SHARP Accept R1,3723.929280000001,62,1,enter
0,Enter R1,3724.1650815999956,11,1,enter
0,SHARP Entry R1,3724.3961983999984,61,1,tentry
0,Quit R1,3724.6969600000007,13,1,quit
0,Reject R1,3725.0301055999994,12,1,reject
0,R2 0% offer,3725.088422399998,29,2,0_offer
0,SHARP Entry R2,3725.5548671999945,64,2,tentry
0,Reject R2,3725.955519999996,24,2,reject
0,R3 0% offer,3725.9935616,41,3,0_offer
0,SHARP Entry R3,3726.3932927999945,67,3,tentry
0,SHARP Accept R3,3726.594751999997,68,3,enter
0,Enter R3,3726.8956543999984,35,3,enter
0,Quit R3,3727.8962559999973,37,3,quit
0,Reject R3,3728.397670400001,36,3,reject
0,SHARP Accept R3,3820.2342399999948,68,3,enter
0,Enter R3,3820.3339519999995,35,3,enter
0,Quit R3,3822.7043456000015,37,3,quit
0,R4 100% offer,3728.4711679999978,56,4,100_offer
0,SHARP Entry R4,3729.103423999995,70,4,tentry
0,SHARP Accept R4,3729.2694912,71,4,enter
0,Enter R4,3730.170111999996,47,4,enter
0,Servo 4 open,3731.1818495999946,7,4,servo open
0,R4 reward taken,3732.4343552,52,4,taken
0,SHARP Accept R4,3748.0249087999987,71,4,enter
0,Quit R4,3749.992524799995,49,4,quit
0,Reject R4,3752.3309439999985,48,4,reject
0,R1 100% offer,3752.3983487999963,20,1,100_offer
0,SHARP Entry R1,3752.796096000001,61,1,tentry
0,SHARP Accept R1,3753.2627839999946,62,1,enter
0,Enter R1,3753.4964992000014,11,1,enter
0,Servo 1 open,3754.499161600001,1,1,servo open
0,Quit R1,3755.699622400001,13,1,quit
0,Enter R1,3755.7343999999985,11,1,enter
0,R1 reward taken,3755.779276799999,16,1,taken
0,Quit R1,3774.9537919999957,13,1,quit
0,Enter R1,3777.023935999997,11,1,enter
0,Quit R1,3778.2573567999975,13,1,quit
0,SHARP Entry R1,3778.4244351999982,61,1,tentry
0,Reject R1,3811.3974783999993,12,1,reject
0,SHARP Accept R4,3811.696332800001,71,4,enter
0,Enter R4,3811.7967360000016,47,4,enter
0,SHARP Entry R4,3818.036531199999,70,4,tentry
0,Quit R4,3818.0366975999996,49,4,quit
0,SHARP Accept R4,3818.704332800001,71,4,enter
0,SHARP Entry R4,3823.4089087999982,70,4,tentry
0,SHARP Accept R4,3823.5089663999975,71,4,enter
0,Enter R4,3823.8093183999954,47,4,enter
0,Quit R4,3825.4778368000016,49,4,quit
0,Reject R1,3825.779071999997,12,1,reject
0,SHARP Entry R1,3826.178918399997,61,1,tentry
0,SHARP Accept R1,3826.6474367999954,62,1,enter
0,Enter R1,3826.882713599995,11,1,enter
0,SHARP Entry R1,3829.849983999997,61,1,tentry
0,Quit R1,3829.850150399998,13,1,quit
0,R2 0% offer,3830.1413376,29,2,0_offer
0,SHARP Entry R2,3830.6405375999957,64,2,tentry
0,SHARP Accept R2,3830.773939199999,65,2,enter
0,Reject R2,3831.6422272000013,24,2,reject
0,R3 0% offer,3831.682406399995,41,3,0_offer
0,SHARP Entry R3,3832.147366399996,67,3,tentry
0,SHARP Accept R3,3832.3826559999957,68,3,enter
0,Enter R3,3832.648140799999,35,3,enter
0,Quit R3,3834.518105599999,37,3,quit
0,Reject R3,3834.7846655999942,36,3,reject
0,R4 80% offer,3834.8567551999986,55,4,80_offer
0,SHARP Entry R4,3835.390374399997,70,4,tentry
0,SHARP Accept R4,3835.5575295999943,71,4,enter
0,Enter R4,3836.424179200001,47,4,enter
0,Quit R4,3836.523967999995,49,4,quit
0,Enter R4,3836.826879999995,47,4,enter
0,Quit R4,3836.8575103999974,49,4,quit
0,Enter R4,3836.8947584000007,47,4,enter
0,Quit R4,3842.3655935999973,49,4,quit
0,Reject R4,3842.7998335999996,48,4,reject
0,R1 80% offer,3842.833817599997,19,1,80_offer
0,SHARP Entry R1,3843.733056000002,61,1,tentry
0,SHARP Accept R1,3844.032767999999,62,1,enter
0,Enter R1,3844.332825599998,11,1,enter
0,SHARP Entry R1,3844.466918399997,61,1,tentry
0,R1 no-reward tone,3847.346239999995,15,1,noreward
0,SHARP Accept R1,3852.8438527999965,62,1,enter
0,SHARP Entry R1,3854.777932799995,61,1,tentry
0,SHARP Accept R1,3880.1407360000017,62,1,enter
0,SHARP Entry R1,3880.407603199996,61,1,tentry
0,SHARP Accept R1,3880.607423999995,62,1,enter
0,SHARP Entry R1,3882.011174400002,61,1,tentry
0,SHARP Accept R1,3888.6847487999944,62,1,enter
0,SHARP Entry R1,3888.9183359999956,61,1,tentry
0,SHARP Accept R1,3889.9845759999976,62,1,enter
0,Quit R1,3890.7864191999956,13,1,quit
0,SHARP Accept R1,3891.1528192000014,62,1,enter
0,Reject R1,3891.1872767999994,12,1,reject
0,R2 100% offer,3891.3117951999975,32,2,100_offer
0,SHARP Entry R2,3892.2458368000016,64,2,tentry
0,SHARP Accept R2,3892.4118527999967,65,2,enter
0,Enter R2,3892.6457855999993,23,2,enter
0,Servo 2 open,3893.6542079999967,3,2,servo open
0,R2 reward taken,3895.145843199998,28,2,taken
0,Quit R2,3913.435212799996,25,2,quit
0,SHARP Entry R2,3913.568447999999,64,2,tentry
0,Reject R2,3913.870028799996,24,2,reject
0,R3 20% offer,3913.874739199996,42,3,20_offer
0,SHARP Entry R3,3914.2741247999966,67,3,tentry
0,SHARP Accept R3,3914.5427712000014,68,3,enter
0,Enter R3,3914.8423935999945,35,3,enter
0,R3 no-reward tone,3919.8568447999955,39,3,noreward
0,SHARP Accept R3,3920.081728,68,3,enter
0,Quit R3,3920.7826303999946,37,3,quit
0,Reject R3,3921.016089599997,36,3,reject
0,R4 80% offer,3921.087603199996,55,4,80_offer
0,SHARP Entry R4,3921.6566655999945,70,4,tentry
0,SHARP Accept R4,3921.8226687999963,71,4,enter
0,Enter R4,3922.1583104000015,47,4,enter
0,Servo 4 open,3925.1678592000007,7,4,servo open
0,R4 reward taken,3927.0852863999976,52,4,taken
0,Quit R4,3944.8802431999966,49,4,quit
0,Reject R4,3945.114303999998,48,4,reject
0,R1 100% offer,3945.1518464,20,1,100_offer
0,SHARP Entry R1,3945.648486400001,61,1,tentry
0,SHARP Accept R1,3946.148979199998,62,1,enter
0,Enter R1,3946.4505216000007,11,1,enter
0,SHARP Entry R1,3946.650879999995,61,1,tentry
0,Servo 1 open,3947.452940799996,1,1,servo open
0,R1 reward taken,3948.6566400000006,16,1,taken
0,SHARP Accept R1,3976.750323199995,62,1,enter
0,SHARP Entry R1,3978.1187839999943,61,1,tentry
0,Quit R1,3978.487577599995,13,1,quit
0,SHARP Accept R1,3978.853311999999,62,1,enter
0,Reject R1,3980.020953599997,12,1,reject
0,SHARP Accept R4,3984.625369599998,71,4,enter
0,Enter R4,3985.0270080000014,47,4,enter
0,SHARP Accept R4,3987.9284607999994,71,4,enter
0,Quit R4,3995.8401920000015,49,4,quit
0,Reject R1,3997.809036799997,12,1,reject
0,SHARP Entry R1,3998.4086272,61,1,tentry
0,SHARP Accept R1,3998.8425727999957,62,1,enter
0,Enter R1,3999.1769600000007,11,1,enter
0,Quit R1,3999.676479999997,13,1,quit
0,R2 100% offer,4000.1343615999967,32,2,100_offer
0,SHARP Entry R2,4000.6682496000008,64,2,tentry
0,SHARP Accept R2,4000.9010304000003,65,2,enter
0,Enter R2,4001.2024575999976,23,2,enter
0,Servo 2 open,4002.2044799999967,3,2,servo open
0,R2 reward taken,4003.7690239999965,28,2,taken
0,Quit R2,4019.0232192000003,25,2,quit
0,Reject R2,4019.6904831999987,24,2,reject
0,R3 20% offer,4019.7285887999983,42,3,20_offer
0,SHARP Entry R3,4020.1286272,67,3,tentry
0,SHARP Accept R3,4020.5625216000008,68,3,enter
0,Enter R3,4020.829683200002,35,3,enter
0,R3 no-reward tone,4025.8403200000002,39,3,noreward
0,Quit R3,4032.6769279999958,37,3,quit
0,Reject R3,4032.8786687999964,36,3,reject
0,R4 100% offer,4032.9806975999995,56,4,100_offer
0,SHARP Entry R4,4033.579660799995,70,4,tentry
0,SHARP Accept R4,4033.6802815999986,71,4,enter
0,Enter R4,4034.681932799995,47,4,enter
0,Quit R4,4034.7836159999965,49,4,quit
0,Enter R4,4034.815167999998,47,4,enter
0,SHARP Accept R4,4043.6920703999995,71,4,enter
0,Quit R4,4044.1932800000013,49,4,quit
0,Reject R4,4044.460147199996,48,4,reject
0,R1 80% offer,4044.529971199997,19,1,80_offer
0,SHARP Entry R1,4045.2634111999946,61,1,tentry
0,SHARP Accept R1,4045.5295616,62,1,enter
0,Enter R1,4045.796467199996,11,1,enter
0,Servo 1 open,4048.809740800001,1,1,servo open
0,R1 reward taken,4049.988467199996,16,1,taken
0,SHARP Entry R1,4071.5581184000002,61,1,tentry
0,Quit R1,4071.725913599998,13,1,quit
0,Reject R1,4071.925567999996,12,1,reject
0,R2 0% offer,4071.9828351999968,29,2,0_offer
0,SHARP Entry R2,4072.6827519999965,64,2,tentry
0,Reject R2,4073.1505791999994,24,2,reject
0,R3 80% offer,4073.157900799997,43,3,80_offer
0,SHARP Entry R3,4073.6896639999973,67,3,tentry
0,SHARP Accept R3,4073.923187199995,68,3,enter
0,Enter R3,4074.190233599998,35,3,enter
0,Servo 3 open,4077.192192000002,5,3,servo open
0,R3 reward taken,4078.4049151999952,40,3,taken
0,Quit R3,4099.719820799999,37,3,quit
0,Reject R3,4102.155980799996,36,3,reject
0,R4 0% offer,4102.192,53,4,0_offer
0,SHARP Entry R4,4102.691967999995,70,4,tentry
0,SHARP Accept R4,4102.824972800002,71,4,enter
0,Reject R4,4103.529459199995,48,4,reject
0,R1 80% offer,4103.630860799998,19,1,80_offer
0,SHARP Entry R1,4104.129651199996,61,1,tentry
0,SHARP Accept R1,4104.430540799998,62,1,enter
0,Enter R1,4104.6982655999955,11,1,enter
0,Servo 1 open,4107.711935999997,1,1,servo open
0,R1 reward taken,4109.1112192,16,1,taken
0,SHARP Entry R1,4138.334835199997,61,1,tentry
0,SHARP Accept R1,4138.634956799999,62,1,enter
0,SHARP Entry R1,4139.436595199994,61,1,tentry
0,Quit R1,4140.036979199998,13,1,quit
0,Reject R1,4140.5708159999995,12,1,reject
0,R2 20% offer,4140.661657600001,30,2,20_offer
0,SHARP Entry R2,4141.195225599997,64,2,tentry
0,Reject R2,4141.662374399997,24,2,reject
0,R3 80% offer,4141.702489599996,43,3,80_offer
0,SHARP Entry R3,4142.334796799995,67,3,tentry
0,SHARP Accept R3,4142.5348479999975,68,3,enter
0,Enter R3,4142.802867199995,35,3,enter
0,SHARP Entry R3,4143.469273599997,67,3,tentry
0,Servo 3 open,4145.8050176,5,3,servo open
0,R3 reward taken,4147.739865599998,40,3,taken
0,SHARP Accept R3,4183.7483904,68,3,enter
0,Quit R3,4197.397747199997,37,3,quit
0,Reject R3,4197.600281599998,36,3,reject
0,R4 80% offer,4197.668851199999,55,4,80_offer
0,SHARP Entry R4,4198.066636799998,70,4,tentry
0,SHARP Accept R4,4198.1662848000005,71,4,enter
0,Enter R4,4200.707660799995,47,4,enter
0,Quit R4,4200.971136,49,4,quit
0,Enter R4,4201.3047936,47,4,enter
0,Quit R4,4204.940569600001,49,4,quit
0,Reject R4,4205.4756224,48,4,reject
0,R1 20% offer,4205.512652800001,18,1,20_offer
0,SHARP Entry R1,4206.012492799998,61,1,tentry
0,SHARP Accept R1,4206.245401599996,62,1,enter
0,Enter R1,4206.445478399999,11,1,enter
0,R1 no-reward tone,4211.456255999998,15,1,noreward
0,SHARP Entry R1,4212.652544,61,1,tentry
0,Quit R1,4213.821145599998,13,1,quit
0,Reject R1,4214.488960000001,12,1,reject
0,R2 100% offer,4214.645862399995,32,2,100_offer
0,SHARP Entry R2,4215.378867199995,64,2,tentry
0,SHARP Accept R2,4215.712563199997,65,2,enter
0,Reject R2,4216.848281599999,24,2,reject
0,R3 80% offer,4216.920729599998,43,3,80_offer
0,SHARP Entry R3,4217.5538431999985,67,3,tentry
0,SHARP Accept R3,4217.987456,68,3,enter
0,Enter R3,4218.288921599999,35,3,enter
0,SHARP Entry R3,4219.790348799996,67,3,tentry
0,Servo 3 open,4221.3003776,5,3,servo open
0,R3 reward taken,4223.575948799998,40,3,taken
0,SHARP Entry R3,4232.404147199996,67,3,tentry
0,Quit R3,4242.6497791999955,37,3,quit
0,Enter R3,4242.749375999994,35,3,enter
0,SHARP Entry R3,4242.949107199996,67,3,tentry
0,Quit R3,4243.049382399999,37,3,quit
0,Enter R3,4243.350399999998,35,3,enter
0,SHARP Entry R3,4243.484044799999,67,3,tentry
0,Quit R3,4243.9187328,37,3,quit
0,SHARP Entry R3,4243.950246399999,67,3,tentry
0,Reject R3,4244.3849344,36,3,reject
0,R4 0% offer,4244.587558399998,53,4,0_offer
0,SHARP Entry R4,4245.487155199997,70,4,tentry
0,SHARP Accept R4,4245.587353599995,71,4,enter
0,Reject R4,4246.222259199999,48,4,reject
0,R1 20% offer,4246.259942400001,18,1,20_offer
0,SHARP Entry R1,4246.7907456,61,1,tentry
0,SHARP Accept R1,4247.091647999994,62,1,enter
0,Enter R1,4247.459865599997,11,1,enter
0,Quit R1,4248.360383999996,13,1,quit
0,Reject R1,4248.761075199999,12,1,reject
0,R2 0% offer,4248.7846144,29,2,0_offer
0,SHARP Entry R2,4249.284659199998,64,2,tentry
0,Reject R2,4249.818739199996,24,2,reject
0,R3 0% offer,4249.858124799996,41,3,0_offer
0,Reject R3,4250.385817599997,36,3,reject
0,SHARP Entry R3,4251.3941247999965,67,3,tentry
0,SHARP Accept R3,4251.594713599995,68,3,enter
0,Enter R3,4251.8608768,35,3,enter
0,SHARP Entry R3,4252.593651199996,67,3,tentry
0,SHARP Accept R3,4255.798540799998,68,3,enter
0,Quit R3,4265.509273599997,37,3,quit
0,Reject R3,4265.712447999999,36,3,reject
0,R4 0% offer,4265.711974399999,53,4,0_offer
0,SHARP Entry R4,4266.177766399995,70,4,tentry
0,SHARP Accept R4,4266.3777663999945,71,4,enter
0,Reject R4,4266.847347199999,48,4,reject
0,R1 0% offer,4266.881036799997,17,1,0_offer
0,SHARP Entry R1,4267.314636799999,61,1,tentry
0,SHARP Accept R1,4267.749324799999,62,1,enter
0,Enter R1,4267.984691199996,11,1,enter
0,SHARP Entry R1,4268.749260799997,61,1,tentry
0,Quit R1,4269.718220799998,13,1,quit
0,Reject R1,4269.918527999997,12,1,reject
0,R2 80% offer,4269.942579199999,31,2,80_offer
0,SHARP Entry R2,4270.4084736,64,2,tentry
0,SHARP Accept R2,4270.608665599994,65,2,enter
0,SHARP Entry R2,4271.109209600001,64,2,tentry
0,Enter R2,4271.543308799997,23,2,enter
0,Servo 2 open,4274.545600000001,3,2,servo open
0,Quit R2,4278.117145599998,25,2,quit
0,Reject R2,4278.351539200001,24,2,reject
0,R3 0% offer,4278.357555199996,41,3,0_offer
0,SHARP Entry R3,4278.823769599997,67,3,tentry
0,SHARP Accept R3,4279.0238592000005,68,3,enter
0,Enter R3,4279.191961599998,35,3,enter
0,SHARP Entry R3,4279.358015999996,67,3,tentry
0,Quit R3,4283.497062399998,37,3,quit
0,Enter R3,4283.5308159999995,35,3,enter
0,Quit R3,4287.6671488,37,3,quit
0,Reject R3,4288.636057599999,36,3,reject
0,R4 80% offer,4288.6698623999955,55,4,80_offer
0,SHARP Entry R4,4289.136,70,4,tentry
0,SHARP Accept R4,4289.270233599998,71,4,enter
0,Enter R4,4292.406412799999,47,4,enter
0,Servo 4 open,4295.407872000002,7,4,servo open
0,R4 reward taken,4296.765785599999,52,4,taken
0,Quit R4,4314.698931199998,49,4,quit
0,Reject R4,4314.9681151999985,48,4,reject
0,R1 100% offer,4315.003263999998,20,1,100_offer
0,SHARP Entry R1,4315.537305599995,61,1,tentry
0,SHARP Accept R1,4315.8026752000005,62,1,enter
0,Enter R1,4316.0039679999945,11,1,enter
0,SHARP Entry R1,4316.203456,61,1,tentry
0,Servo 1 open,4317.005107199997,1,1,servo open
0,R1 reward taken,4318.333375999994,16,1,taken
0,SHARP Entry R1,4338.362393599995,61,1,tentry
0,Quit R1,4345.2362496000005,13,1,quit
0,SHARP Entry R1,4345.603724799998,61,1,tentry
0,Reject R1,4346.171955200001,12,1,reject
0,R2 100% offer,4346.729215999998,32,2,100_offer
0,SHARP Entry R2,4347.930009599999,64,2,tentry
0,SHARP Accept R2,4348.430694399997,65,2,enter
0,SHARP Entry R2,4348.5646976,64,2,tentry
0,Reject R2,4349.7993856,24,2,reject
0,R3 0% offer,4349.838681599997,41,3,0_offer
0,SHARP Entry R3,4350.340953599997,67,3,tentry
0,Reject R3,4351.774655999996,36,3,reject
0,R4 0% offer,4351.910489599995,53,4,0_offer
0,Reject R3,4351.9107456,36,3,reject
